   0  $accept : %entry% $end

   1  brace_token : TOK_LBRACE
   2              | TOK_RBRACE

   3  bi_op_token : TOK_LTEQ
   4              | TOK_LT
   5              | TOK_GTEQ
   6              | TOK_GT
   7              | TOK_EQEQ
   8              | TOK_BANGEQ
   9              | TOK_LOR
  10              | TOK_LAND
  11              | TOK_LXOR
  12              | TOK_BOR
  13              | TOK_BAND
  14              | TOK_BXOR
  15              | TOK_LSHIFT
  16              | TOK_RSHIFT
  17              | TOK_ADD
  18              | TOK_MUL
  19              | TOK_DIV
  20              | TOK_MOD
  21              | TOK_BOREQ

  22  asgn_token : TOK_BANDEQ
  23             | TOK_BXOREQ
  24             | TOK_LSHIFTEQ
  25             | TOK_RSHIFTEQ
  26             | TOK_ADDEQ
  27             | TOK_MINUSEQ
  28             | TOK_MULEQ
  29             | TOK_DIVEQ
  30             | TOK_MODEQ
  31             | TOK_EQ

  32  keyword_token : TOK_TYPE
  33                | TOK_AS
  34                | TOK_IF
  35                | TOK_ELSE
  36                | TOK_WHILE
  37                | TOK_FOR
  38                | TOK_BREAK
  39                | TOK_CONTINUE
  40                | TOK_LET
  41                | TOK_MUT
  42                | TOK_IN
  43                | TOK_MATCH
  44                | TOK_FUN
  45                | TOK_RETURN
  46                | TOK_INTERFACE
  47                | TOK_IMPL
  48                | TOK_EXTENDS

  49  arrow_token : TOK_EQGT
  50              | TOK_MINUSGT

  51  type_token : TOK_TyBool
  52             | TOK_TyChar
  53             | TOK_TyInt
  54             | TOK_TyFloat

  55  other_token : TOK_TRUE
  56              | TOK_FALSE
  57              | TOK_THIS
  58              | TOK_MINUS
  59              | TOK_BANG
  60              | TOK_LPAREN
  61              | TOK_RPAREN
  62              | TOK_LBRACK
  63              | TOK_RBRACK
  64              | TOK_COLON
  65              | TOK_COMMA
  66              | TOK_DOT
  67              | TOK_UNDERSCORE
  68              | TOK_SEMICOLON
  69              | TOK_Integer
  70              | TOK_Double
  71              | TOK_Char
  72              | TOK_String

  73  non_ident_token : other_token
  74                  | bi_op_token
  75                  | asgn_token
  76                  | keyword_token
  77                  | brace_token
  78                  | type_token
  79                  | arrow_token

  80  any_token : non_ident_token
  81            | TOK_LowerIdent
  82            | TOK_UpperIdent

  83  program : TOK_EOF
  84          | top_clause program

  85  top_clause : TOK_TYPE TOK_UpperIdent TOK_LBRACE struct_fields TOK_RBRACE
  86             | TOK_TYPE TOK_UpperIdent TOK_LBRACK adt_branches TOK_RBRACK
  87             | TOK_INTERFACE TOK_UpperIdent TOK_LBRACE function_decls TOK_RBRACE
  88             | TOK_INTERFACE TOK_UpperIdent TOK_EXTENDS interface_name_list_nonempty TOK_LBRACE function_decls TOK_RBRACE
  89             | TOK_IMPL TOK_UpperIdent TOK_LBRACE function_impls TOK_RBRACE
  90             | TOK_IMPL TOK_UpperIdent TOK_FOR TOK_UpperIdent TOK_LBRACE function_impls TOK_RBRACE
  91             | function_impl
  92             | function_impl TOK_SEMICOLON
  93             | TOK_LET variable_pattern TOK_EQ expr TOK_SEMICOLON
  94             | TOK_LET variable_pattern TOK_SEMICOLON
  95             | TOK_LET variable_pattern TOK_EQ expr error
  96             | stmt TOK_SEMICOLON
  97             | error

  98  struct_fields :
  99                | struct_field
 100                | struct_field TOK_COMMA struct_fields

 101  struct_field : TOK_LowerIdent TOK_COLON typ
 102               | TOK_AS TOK_LowerIdent TOK_COLON typ

 103  adt_branches :
 104               | adt_branch
 105               | adt_branch TOK_COMMA adt_branches

 106  adt_branch : TOK_UpperIdent
 107             | TOK_UpperIdent TOK_LPAREN typ_list_nonempty TOK_RPAREN
 108             | TOK_UpperIdent TOK_LPAREN named_adt_params_nonempty TOK_RPAREN
 109             | error

 110  named_adt_params_nonempty : named_adt_param
 111                            | named_adt_param TOK_COMMA named_adt_params_nonempty

 112  named_adt_param : TOK_LowerIdent TOK_COLON typ

 113  interface_name_list_nonempty : TOK_UpperIdent
 114                               | TOK_UpperIdent TOK_COMMA interface_name_list_nonempty

 115  function_decls :
 116                 | function_decl
 117                 | function_decl TOK_SEMICOLON function_decls

 118  function_decl : TOK_FUN TOK_LowerIdent TOK_LPAREN function_decl_args TOK_RPAREN function_decl_ret

 119  function_decl_args :
 120                     | function_decl_args_nonempty

 121  function_decl_args_nonempty : function_decl_arg
 122                              | function_decl_arg TOK_COMMA function_decl_args_nonempty

 123  function_decl_arg : TOK_LowerIdent TOK_COLON typ
 124                    | error

 125  function_decl_ret : TOK_MINUSGT typ
 126                    |

 127  function_impls :
 128                 | function_impl
 129                 | function_impl TOK_SEMICOLON function_impls

 130  function_impl : function_decl TOK_LBRACE stmt_list TOK_RBRACE

 131  typ : TOK_LPAREN TOK_RPAREN
 132      | TOK_TyBool
 133      | TOK_TyInt
 134      | TOK_TyFloat
 135      | TOK_TyChar
 136      | TOK_TyThis
 137      | TOK_UpperIdent
 138      | TOK_LBRACK typ TOK_SEMICOLON TOK_Integer TOK_RBRACK
 139      | TOK_LPAREN typ_list_nonempty TOK_RPAREN
 140      | error

 141  typ_list_nonempty : typ
 142                    | typ TOK_COMMA typ_list_nonempty

 143  stmt_list :
 144            | stmt stmt_list

 145  stmt : expr TOK_SEMICOLON
 146       | TOK_RETURN expr TOK_SEMICOLON
 147       | TOK_BREAK TOK_SEMICOLON
 148       | TOK_CONTINUE TOK_SEMICOLON
 149       | lvalue assignment_op expr TOK_SEMICOLON
 150       | TOK_LET pattern TOK_EQ expr TOK_SEMICOLON
 151       | TOK_LET pattern TOK_SEMICOLON
 152       | TOK_LBRACE stmt_list TOK_RBRACE
 153       | TOK_IF TOK_LPAREN expr TOK_RPAREN stmt
 154       | TOK_IF TOK_LPAREN expr TOK_RPAREN stmt TOK_ELSE stmt
 155       | TOK_FOR TOK_LPAREN pattern TOK_IN expr TOK_RPAREN stmt
 156       | TOK_WHILE TOK_LPAREN expr TOK_RPAREN stmt
 157       | TOK_MATCH TOK_LPAREN expr TOK_RPAREN TOK_LBRACE match_branches TOK_RBRACE
 158       | TOK_RETURN expr error
 159       | TOK_BREAK error
 160       | TOK_CONTINUE error
 161       | lvalue assignment_op expr error
 162       | TOK_LET pattern TOK_EQ expr error
 163       | expr error
 164       | TOK_ELSE error
 165       | TOK_IF TOK_LPAREN TOK_RPAREN stmt
 166       | TOK_ELSE TOK_LPAREN TOK_RPAREN stmt
 167       | TOK_WHILE TOK_LPAREN TOK_RPAREN stmt
 168       | TOK_MATCH TOK_LPAREN TOK_RPAREN stmt
 169       | assignment_op expr TOK_SEMICOLON
 170       | expr assignment_op expr TOK_SEMICOLON
 171       | TOK_IF expr TOK_RPAREN
 172       | TOK_WHILE expr TOK_RPAREN
 173       | TOK_MATCH expr TOK_RPAREN
 174       | TOK_IF TOK_LPAREN error
 175       | TOK_WHILE TOK_LPAREN error
 176       | TOK_MATCH TOK_LPAREN error
 177       | TOK_LBRACE stmt error
 178       | TOK_FOR TOK_LPAREN pattern expr TOK_RPAREN stmt
 179       | TOK_FOR TOK_LPAREN pattern TOK_IN TOK_RPAREN stmt
 180       | TOK_LET pattern expr TOK_SEMICOLON
 181       | TOK_LET pattern TOK_EQ TOK_SEMICOLON
 182       | error

 183  lvalue : TOK_LowerIdent

 184  assignment_op : TOK_EQ
 185                | TOK_BOREQ
 186                | TOK_BANDEQ
 187                | TOK_BXOREQ
 188                | TOK_LSHIFTEQ
 189                | TOK_RSHIFTEQ
 190                | TOK_ADDEQ
 191                | TOK_MINUSEQ
 192                | TOK_MULEQ
 193                | TOK_DIVEQ
 194                | TOK_MODEQ

 195  match_branches :
 196                 | match_branch match_branches

 197  match_branch : pattern TOK_EQGT stmt
 198               | error

 199  literal : TOK_LPAREN TOK_RPAREN
 200          | TOK_TRUE
 201          | TOK_FALSE
 202          | TOK_Integer
 203          | TOK_Double
 204          | TOK_Char
 205          | TOK_String

 206  pattern : TOK_UNDERSCORE
 207          | literal
 208          | variable_pattern
 209          | TOK_MUT pattern
 210          | pattern TOK_AS variable_pattern
 211          | pattern TOK_COLON typ
 212          | TOK_UpperIdent
 213          | TOK_UpperIdent TOK_LPAREN pattern_list_nonempty TOK_RPAREN
 214          | TOK_UpperIdent TOK_LBRACE struct_pattern_fields TOK_RBRACE
 215          | TOK_LPAREN pattern_list_nonempty TOK_RPAREN
 216          | pattern TOK_AS error
 217          | TOK_UpperIdent TOK_LPAREN TOK_RPAREN
 218          | TOK_UpperIdent TOK_LPAREN
 219          | TOK_LowerIdent TOK_LPAREN pattern_list_nonempty TOK_RPAREN
 220          | TOK_UpperIdent TOK_LBRACE error
 221          | TOK_LowerIdent TOK_LBRACE struct_pattern_fields TOK_RBRACE
 222          | error

 223  variable_pattern : TOK_LowerIdent
 224                   | TOK_MUT TOK_LowerIdent
 225                   | TOK_LowerIdent TOK_COLON typ
 226                   | TOK_MUT TOK_LowerIdent TOK_COLON typ

 227  pattern_list_nonempty : pattern
 228                        | pattern TOK_COMMA pattern_list_nonempty

 229  struct_pattern_fields :
 230                        | struct_pattern_field
 231                        | struct_pattern_field TOK_COMMA struct_pattern_fields

 232  struct_pattern_field : TOK_LowerIdent TOK_COLON pattern
 233                       | error

 234  expr : small_expr
 235       | small_expr TOK_LT expr
 236       | small_expr TOK_LTEQ expr
 237       | small_expr TOK_GT expr
 238       | small_expr TOK_GTEQ expr
 239       | small_expr TOK_EQEQ expr
 240       | small_expr TOK_BANGEQ expr
 241       | small_expr TOK_LOR expr
 242       | small_expr TOK_LAND expr
 243       | small_expr TOK_LXOR expr
 244       | small_expr TOK_BOR expr
 245       | small_expr TOK_BAND expr
 246       | small_expr TOK_BXOR expr
 247       | small_expr TOK_LSHIFT expr
 248       | small_expr TOK_RSHIFT expr
 249       | small_expr TOK_ADD expr
 250       | small_expr TOK_MINUS expr
 251       | small_expr TOK_MUL expr
 252       | small_expr TOK_DIV expr
 253       | small_expr TOK_MOD expr
 254       | small_expr arrow_token
 255       | small_expr keyword_token
 256       | small_expr TOK_LowerIdent
 257       | small_expr TOK_UpperIdent
 258       | small_expr type_token
 259       | small_expr TOK_BANG
 260       | small_expr error

 261  small_expr : atom_expr
 262             | TOK_MINUS atom_expr
 263             | TOK_BANG atom_expr
 264             | TOK_MUT atom_expr
 265             | bi_op_token
 266             | asgn_token
 267             | type_token
 268             | arrow_token
 269             | TOK_UpperIdent TOK_LBRACE struct_expr_fields TOK_RBRACE
 270             | TOK_UpperIdent TOK_LBRACE error

 271  atom_expr : literal
 272            | TOK_LowerIdent
 273            | TOK_THIS
 274            | TOK_LPAREN expr_list TOK_RPAREN
 275            | TOK_UpperIdent
 276            | TOK_UpperIdent TOK_LPAREN expr_list TOK_RPAREN
 277            | TOK_LowerIdent TOK_LPAREN expr_list TOK_RPAREN
 278            | atom_expr TOK_DOT TOK_LowerIdent
 279            | atom_expr TOK_DOT TOK_UpperIdent
 280            | atom_expr TOK_DOT non_ident_token
 281            | atom_expr TOK_DOT TOK_LowerIdent TOK_LPAREN expr_list TOK_RPAREN
 282            | TOK_LPAREN error
 283            | TOK_UpperIdent TOK_LPAREN error
 284            | TOK_LowerIdent TOK_LPAREN error
 285            | atom_expr TOK_DOT TOK_LowerIdent TOK_LPAREN error

 286  struct_expr_fields : struct_expr_field TOK_COMMA struct_expr_fields
 287                     | struct_expr_field
 288                     |

 289  struct_expr_field : struct_expr_field_name any_token expr

 290  struct_expr_field_name : TOK_LowerIdent
 291                         | TOK_UpperIdent
 292                         | other_token

 293  expr_list :
 294            | expr
 295            | expr TOK_COMMA expr_list

 296  %entry% : '\001' program

state 0
	$accept : . %entry% $end  (0)

	'\001'  shift 1
	.  error

	%entry%  goto 2


state 1
	%entry% : '\001' . program  (296)

	error  shift 3
	TOK_EOF  shift 4
	TOK_LPAREN  shift 5
	TOK_LBRACE  shift 6
	TOK_EQ  shift 7
	TOK_EQGT  shift 8
	TOK_MINUSGT  shift 9
	TOK_MINUS  shift 10
	TOK_BANG  shift 11
	TOK_LT  shift 12
	TOK_LTEQ  shift 13
	TOK_GT  shift 14
	TOK_GTEQ  shift 15
	TOK_EQEQ  shift 16
	TOK_BANGEQ  shift 17
	TOK_LOR  shift 18
	TOK_LAND  shift 19
	TOK_LXOR  shift 20
	TOK_BOR  shift 21
	TOK_BAND  shift 22
	TOK_BXOR  shift 23
	TOK_LSHIFT  shift 24
	TOK_RSHIFT  shift 25
	TOK_ADD  shift 26
	TOK_MUL  shift 27
	TOK_DIV  shift 28
	TOK_MOD  shift 29
	TOK_BOREQ  shift 30
	TOK_BANDEQ  shift 31
	TOK_BXOREQ  shift 32
	TOK_LSHIFTEQ  shift 33
	TOK_RSHIFTEQ  shift 34
	TOK_ADDEQ  shift 35
	TOK_MINUSEQ  shift 36
	TOK_MULEQ  shift 37
	TOK_DIVEQ  shift 38
	TOK_MODEQ  shift 39
	TOK_UpperIdent  shift 40
	TOK_LowerIdent  shift 41
	TOK_Integer  shift 42
	TOK_Double  shift 43
	TOK_Char  shift 44
	TOK_String  shift 45
	TOK_TyBool  shift 46
	TOK_TyChar  shift 47
	TOK_TyInt  shift 48
	TOK_TyFloat  shift 49
	TOK_TRUE  shift 50
	TOK_FALSE  shift 51
	TOK_THIS  shift 52
	TOK_IF  shift 53
	TOK_ELSE  shift 54
	TOK_WHILE  shift 55
	TOK_FOR  shift 56
	TOK_BREAK  shift 57
	TOK_CONTINUE  shift 58
	TOK_LET  shift 59
	TOK_MUT  shift 60
	TOK_MATCH  shift 61
	TOK_FUN  shift 62
	TOK_RETURN  shift 63
	TOK_INTERFACE  shift 64
	TOK_IMPL  shift 65
	TOK_TYPE  shift 66
	.  error

	program  goto 67
	bi_op_token  goto 68
	asgn_token  goto 69
	arrow_token  goto 70
	type_token  goto 71
	top_clause  goto 72
	function_impl  goto 73
	expr  goto 74
	stmt  goto 75
	function_decl  goto 76
	lvalue  goto 77
	assignment_op  goto 78
	literal  goto 79
	small_expr  goto 80
	atom_expr  goto 81


state 2
	$accept : %entry% . $end  (0)

	$end  accept


state 3
	top_clause : error .  (97)
	stmt : error .  (182)

	error  reduce 97
	TOK_EOF  reduce 97
	TOK_LPAREN  reduce 97
	TOK_LBRACE  reduce 97
	TOK_SEMICOLON  reduce 182
	TOK_EQ  reduce 97
	TOK_EQGT  reduce 97
	TOK_MINUSGT  reduce 97
	TOK_MINUS  reduce 97
	TOK_BANG  reduce 97
	TOK_LT  reduce 97
	TOK_LTEQ  reduce 97
	TOK_GT  reduce 97
	TOK_GTEQ  reduce 97
	TOK_EQEQ  reduce 97
	TOK_BANGEQ  reduce 97
	TOK_LOR  reduce 97
	TOK_LAND  reduce 97
	TOK_LXOR  reduce 97
	TOK_BOR  reduce 97
	TOK_BAND  reduce 97
	TOK_BXOR  reduce 97
	TOK_LSHIFT  reduce 97
	TOK_RSHIFT  reduce 97
	TOK_ADD  reduce 97
	TOK_MUL  reduce 97
	TOK_DIV  reduce 97
	TOK_MOD  reduce 97
	TOK_BOREQ  reduce 97
	TOK_BANDEQ  reduce 97
	TOK_BXOREQ  reduce 97
	TOK_LSHIFTEQ  reduce 97
	TOK_RSHIFTEQ  reduce 97
	TOK_ADDEQ  reduce 97
	TOK_MINUSEQ  reduce 97
	TOK_MULEQ  reduce 97
	TOK_DIVEQ  reduce 97
	TOK_MODEQ  reduce 97
	TOK_UpperIdent  reduce 97
	TOK_LowerIdent  reduce 97
	TOK_Integer  reduce 97
	TOK_Double  reduce 97
	TOK_Char  reduce 97
	TOK_String  reduce 97
	TOK_TyBool  reduce 97
	TOK_TyChar  reduce 97
	TOK_TyInt  reduce 97
	TOK_TyFloat  reduce 97
	TOK_TRUE  reduce 97
	TOK_FALSE  reduce 97
	TOK_THIS  reduce 97
	TOK_IF  reduce 97
	TOK_ELSE  reduce 97
	TOK_WHILE  reduce 97
	TOK_FOR  reduce 97
	TOK_BREAK  reduce 97
	TOK_CONTINUE  reduce 97
	TOK_LET  reduce 97
	TOK_MUT  reduce 97
	TOK_MATCH  reduce 97
	TOK_FUN  reduce 97
	TOK_RETURN  reduce 97
	TOK_INTERFACE  reduce 97
	TOK_IMPL  reduce 97
	TOK_TYPE  reduce 97


state 4
	program : TOK_EOF .  (83)

	.  reduce 83


5: shift/reduce conflict (shift 83, reduce 293) on TOK_RPAREN
state 5
	literal : TOK_LPAREN . TOK_RPAREN  (199)
	atom_expr : TOK_LPAREN . expr_list TOK_RPAREN  (274)
	atom_expr : TOK_LPAREN . error  (282)
	expr_list : .  (293)

	error  shift 82
	TOK_LPAREN  shift 5
	TOK_RPAREN  shift 83
	TOK_EQ  shift 84
	TOK_EQGT  shift 8
	TOK_MINUSGT  shift 9
	TOK_MINUS  shift 10
	TOK_BANG  shift 11
	TOK_LT  shift 12
	TOK_LTEQ  shift 13
	TOK_GT  shift 14
	TOK_GTEQ  shift 15
	TOK_EQEQ  shift 16
	TOK_BANGEQ  shift 17
	TOK_LOR  shift 18
	TOK_LAND  shift 19
	TOK_LXOR  shift 20
	TOK_BOR  shift 21
	TOK_BAND  shift 22
	TOK_BXOR  shift 23
	TOK_LSHIFT  shift 24
	TOK_RSHIFT  shift 25
	TOK_ADD  shift 26
	TOK_MUL  shift 27
	TOK_DIV  shift 28
	TOK_MOD  shift 29
	TOK_BOREQ  shift 85
	TOK_BANDEQ  shift 86
	TOK_BXOREQ  shift 87
	TOK_LSHIFTEQ  shift 88
	TOK_RSHIFTEQ  shift 89
	TOK_ADDEQ  shift 90
	TOK_MINUSEQ  shift 91
	TOK_MULEQ  shift 92
	TOK_DIVEQ  shift 93
	TOK_MODEQ  shift 94
	TOK_UpperIdent  shift 40
	TOK_LowerIdent  shift 95
	TOK_Integer  shift 42
	TOK_Double  shift 43
	TOK_Char  shift 44
	TOK_String  shift 45
	TOK_TyBool  shift 46
	TOK_TyChar  shift 47
	TOK_TyInt  shift 48
	TOK_TyFloat  shift 49
	TOK_TRUE  shift 50
	TOK_FALSE  shift 51
	TOK_THIS  shift 52
	TOK_MUT  shift 60

	bi_op_token  goto 68
	asgn_token  goto 69
	arrow_token  goto 70
	type_token  goto 71
	expr  goto 96
	literal  goto 79
	small_expr  goto 80
	atom_expr  goto 81
	expr_list  goto 97


state 6
	stmt : TOK_LBRACE . stmt_list TOK_RBRACE  (152)
	stmt : TOK_LBRACE . stmt error  (177)
	stmt_list : .  (143)

	error  shift 98
	TOK_LPAREN  shift 5
	TOK_LBRACE  shift 6
	TOK_EQ  shift 7
	TOK_EQGT  shift 8
	TOK_MINUSGT  shift 9
	TOK_MINUS  shift 10
	TOK_BANG  shift 11
	TOK_LT  shift 12
	TOK_LTEQ  shift 13
	TOK_GT  shift 14
	TOK_GTEQ  shift 15
	TOK_EQEQ  shift 16
	TOK_BANGEQ  shift 17
	TOK_LOR  shift 18
	TOK_LAND  shift 19
	TOK_LXOR  shift 20
	TOK_BOR  shift 21
	TOK_BAND  shift 22
	TOK_BXOR  shift 23
	TOK_LSHIFT  shift 24
	TOK_RSHIFT  shift 25
	TOK_ADD  shift 26
	TOK_MUL  shift 27
	TOK_DIV  shift 28
	TOK_MOD  shift 29
	TOK_BOREQ  shift 30
	TOK_BANDEQ  shift 31
	TOK_BXOREQ  shift 32
	TOK_LSHIFTEQ  shift 33
	TOK_RSHIFTEQ  shift 34
	TOK_ADDEQ  shift 35
	TOK_MINUSEQ  shift 36
	TOK_MULEQ  shift 37
	TOK_DIVEQ  shift 38
	TOK_MODEQ  shift 39
	TOK_UpperIdent  shift 40
	TOK_LowerIdent  shift 41
	TOK_Integer  shift 42
	TOK_Double  shift 43
	TOK_Char  shift 44
	TOK_String  shift 45
	TOK_TyBool  shift 46
	TOK_TyChar  shift 47
	TOK_TyInt  shift 48
	TOK_TyFloat  shift 49
	TOK_TRUE  shift 50
	TOK_FALSE  shift 51
	TOK_THIS  shift 52
	TOK_IF  shift 53
	TOK_ELSE  shift 54
	TOK_WHILE  shift 55
	TOK_FOR  shift 56
	TOK_BREAK  shift 57
	TOK_CONTINUE  shift 58
	TOK_LET  shift 99
	TOK_MUT  shift 60
	TOK_MATCH  shift 61
	TOK_RETURN  shift 63
	TOK_RBRACE  reduce 143

	bi_op_token  goto 68
	asgn_token  goto 69
	arrow_token  goto 70
	type_token  goto 71
	expr  goto 74
	stmt  goto 100
	stmt_list  goto 101
	lvalue  goto 77
	assignment_op  goto 78
	literal  goto 79
	small_expr  goto 80
	atom_expr  goto 81


7: reduce/reduce conflict (reduce 31, reduce 184) on TOK_EQ
7: reduce/reduce conflict (reduce 31, reduce 184) on TOK_EQGT
7: reduce/reduce conflict (reduce 31, reduce 184) on TOK_MINUSGT
7: reduce/reduce conflict (reduce 31, reduce 184) on TOK_MINUS
7: reduce/reduce conflict (reduce 31, reduce 184) on TOK_BANG
7: reduce/reduce conflict (reduce 31, reduce 184) on TOK_LT
7: reduce/reduce conflict (reduce 31, reduce 184) on TOK_LTEQ
7: reduce/reduce conflict (reduce 31, reduce 184) on TOK_GT
7: reduce/reduce conflict (reduce 31, reduce 184) on TOK_GTEQ
7: reduce/reduce conflict (reduce 31, reduce 184) on TOK_EQEQ
7: reduce/reduce conflict (reduce 31, reduce 184) on TOK_BANGEQ
7: reduce/reduce conflict (reduce 31, reduce 184) on TOK_LOR
7: reduce/reduce conflict (reduce 31, reduce 184) on TOK_LAND
7: reduce/reduce conflict (reduce 31, reduce 184) on TOK_LXOR
7: reduce/reduce conflict (reduce 31, reduce 184) on TOK_BOR
7: reduce/reduce conflict (reduce 31, reduce 184) on TOK_BAND
7: reduce/reduce conflict (reduce 31, reduce 184) on TOK_BXOR
7: reduce/reduce conflict (reduce 31, reduce 184) on TOK_LSHIFT
7: reduce/reduce conflict (reduce 31, reduce 184) on TOK_RSHIFT
7: reduce/reduce conflict (reduce 31, reduce 184) on TOK_ADD
7: reduce/reduce conflict (reduce 31, reduce 184) on TOK_MUL
7: reduce/reduce conflict (reduce 31, reduce 184) on TOK_DIV
7: reduce/reduce conflict (reduce 31, reduce 184) on TOK_MOD
7: reduce/reduce conflict (reduce 31, reduce 184) on TOK_BOREQ
7: reduce/reduce conflict (reduce 31, reduce 184) on TOK_BANDEQ
7: reduce/reduce conflict (reduce 31, reduce 184) on TOK_BXOREQ
7: reduce/reduce conflict (reduce 31, reduce 184) on TOK_LSHIFTEQ
7: reduce/reduce conflict (reduce 31, reduce 184) on TOK_RSHIFTEQ
7: reduce/reduce conflict (reduce 31, reduce 184) on TOK_ADDEQ
7: reduce/reduce conflict (reduce 31, reduce 184) on TOK_MINUSEQ
7: reduce/reduce conflict (reduce 31, reduce 184) on TOK_MULEQ
7: reduce/reduce conflict (reduce 31, reduce 184) on TOK_DIVEQ
7: reduce/reduce conflict (reduce 31, reduce 184) on TOK_MODEQ
7: reduce/reduce conflict (reduce 31, reduce 184) on TOK_UpperIdent
7: reduce/reduce conflict (reduce 31, reduce 184) on TOK_LowerIdent
7: reduce/reduce conflict (reduce 31, reduce 184) on TOK_TyBool
7: reduce/reduce conflict (reduce 31, reduce 184) on TOK_TyChar
7: reduce/reduce conflict (reduce 31, reduce 184) on TOK_TyInt
7: reduce/reduce conflict (reduce 31, reduce 184) on TOK_TyFloat
7: reduce/reduce conflict (reduce 31, reduce 184) on TOK_MUT
state 7
	asgn_token : TOK_EQ .  (31)
	assignment_op : TOK_EQ .  (184)

	error  reduce 31
	TOK_LPAREN  reduce 184
	TOK_SEMICOLON  reduce 31
	TOK_EQ  reduce 31
	TOK_EQGT  reduce 31
	TOK_MINUSGT  reduce 31
	TOK_MINUS  reduce 31
	TOK_BANG  reduce 31
	TOK_LT  reduce 31
	TOK_LTEQ  reduce 31
	TOK_GT  reduce 31
	TOK_GTEQ  reduce 31
	TOK_EQEQ  reduce 31
	TOK_BANGEQ  reduce 31
	TOK_LOR  reduce 31
	TOK_LAND  reduce 31
	TOK_LXOR  reduce 31
	TOK_BOR  reduce 31
	TOK_BAND  reduce 31
	TOK_BXOR  reduce 31
	TOK_LSHIFT  reduce 31
	TOK_RSHIFT  reduce 31
	TOK_ADD  reduce 31
	TOK_MUL  reduce 31
	TOK_DIV  reduce 31
	TOK_MOD  reduce 31
	TOK_BOREQ  reduce 31
	TOK_BANDEQ  reduce 31
	TOK_BXOREQ  reduce 31
	TOK_LSHIFTEQ  reduce 31
	TOK_RSHIFTEQ  reduce 31
	TOK_ADDEQ  reduce 31
	TOK_MINUSEQ  reduce 31
	TOK_MULEQ  reduce 31
	TOK_DIVEQ  reduce 31
	TOK_MODEQ  reduce 31
	TOK_UpperIdent  reduce 31
	TOK_LowerIdent  reduce 31
	TOK_Integer  reduce 184
	TOK_Double  reduce 184
	TOK_Char  reduce 184
	TOK_String  reduce 184
	TOK_TyBool  reduce 31
	TOK_TyChar  reduce 31
	TOK_TyInt  reduce 31
	TOK_TyFloat  reduce 31
	TOK_TRUE  reduce 184
	TOK_FALSE  reduce 184
	TOK_THIS  reduce 184
	TOK_AS  reduce 31
	TOK_IF  reduce 31
	TOK_ELSE  reduce 31
	TOK_WHILE  reduce 31
	TOK_FOR  reduce 31
	TOK_BREAK  reduce 31
	TOK_CONTINUE  reduce 31
	TOK_LET  reduce 31
	TOK_MUT  reduce 31
	TOK_IN  reduce 31
	TOK_MATCH  reduce 31
	TOK_FUN  reduce 31
	TOK_RETURN  reduce 31
	TOK_INTERFACE  reduce 31
	TOK_IMPL  reduce 31
	TOK_EXTENDS  reduce 31
	TOK_TYPE  reduce 31


state 8
	arrow_token : TOK_EQGT .  (49)

	.  reduce 49


state 9
	arrow_token : TOK_MINUSGT .  (50)

	.  reduce 50


state 10
	small_expr : TOK_MINUS . atom_expr  (262)

	TOK_LPAREN  shift 5
	TOK_UpperIdent  shift 102
	TOK_LowerIdent  shift 95
	TOK_Integer  shift 42
	TOK_Double  shift 43
	TOK_Char  shift 44
	TOK_String  shift 45
	TOK_TRUE  shift 50
	TOK_FALSE  shift 51
	TOK_THIS  shift 52
	.  error

	literal  goto 79
	atom_expr  goto 103


state 11
	small_expr : TOK_BANG . atom_expr  (263)

	TOK_LPAREN  shift 5
	TOK_UpperIdent  shift 102
	TOK_LowerIdent  shift 95
	TOK_Integer  shift 42
	TOK_Double  shift 43
	TOK_Char  shift 44
	TOK_String  shift 45
	TOK_TRUE  shift 50
	TOK_FALSE  shift 51
	TOK_THIS  shift 52
	.  error

	literal  goto 79
	atom_expr  goto 104


state 12
	bi_op_token : TOK_LT .  (4)

	.  reduce 4


state 13
	bi_op_token : TOK_LTEQ .  (3)

	.  reduce 3


state 14
	bi_op_token : TOK_GT .  (6)

	.  reduce 6


state 15
	bi_op_token : TOK_GTEQ .  (5)

	.  reduce 5


state 16
	bi_op_token : TOK_EQEQ .  (7)

	.  reduce 7


state 17
	bi_op_token : TOK_BANGEQ .  (8)

	.  reduce 8


state 18
	bi_op_token : TOK_LOR .  (9)

	.  reduce 9


state 19
	bi_op_token : TOK_LAND .  (10)

	.  reduce 10


state 20
	bi_op_token : TOK_LXOR .  (11)

	.  reduce 11


state 21
	bi_op_token : TOK_BOR .  (12)

	.  reduce 12


state 22
	bi_op_token : TOK_BAND .  (13)

	.  reduce 13


state 23
	bi_op_token : TOK_BXOR .  (14)

	.  reduce 14


state 24
	bi_op_token : TOK_LSHIFT .  (15)

	.  reduce 15


state 25
	bi_op_token : TOK_RSHIFT .  (16)

	.  reduce 16


state 26
	bi_op_token : TOK_ADD .  (17)

	.  reduce 17


state 27
	bi_op_token : TOK_MUL .  (18)

	.  reduce 18


state 28
	bi_op_token : TOK_DIV .  (19)

	.  reduce 19


state 29
	bi_op_token : TOK_MOD .  (20)

	.  reduce 20


30: reduce/reduce conflict (reduce 21, reduce 185) on TOK_EQ
30: reduce/reduce conflict (reduce 21, reduce 185) on TOK_EQGT
30: reduce/reduce conflict (reduce 21, reduce 185) on TOK_MINUSGT
30: reduce/reduce conflict (reduce 21, reduce 185) on TOK_MINUS
30: reduce/reduce conflict (reduce 21, reduce 185) on TOK_BANG
30: reduce/reduce conflict (reduce 21, reduce 185) on TOK_LT
30: reduce/reduce conflict (reduce 21, reduce 185) on TOK_LTEQ
30: reduce/reduce conflict (reduce 21, reduce 185) on TOK_GT
30: reduce/reduce conflict (reduce 21, reduce 185) on TOK_GTEQ
30: reduce/reduce conflict (reduce 21, reduce 185) on TOK_EQEQ
30: reduce/reduce conflict (reduce 21, reduce 185) on TOK_BANGEQ
30: reduce/reduce conflict (reduce 21, reduce 185) on TOK_LOR
30: reduce/reduce conflict (reduce 21, reduce 185) on TOK_LAND
30: reduce/reduce conflict (reduce 21, reduce 185) on TOK_LXOR
30: reduce/reduce conflict (reduce 21, reduce 185) on TOK_BOR
30: reduce/reduce conflict (reduce 21, reduce 185) on TOK_BAND
30: reduce/reduce conflict (reduce 21, reduce 185) on TOK_BXOR
30: reduce/reduce conflict (reduce 21, reduce 185) on TOK_LSHIFT
30: reduce/reduce conflict (reduce 21, reduce 185) on TOK_RSHIFT
30: reduce/reduce conflict (reduce 21, reduce 185) on TOK_ADD
30: reduce/reduce conflict (reduce 21, reduce 185) on TOK_MUL
30: reduce/reduce conflict (reduce 21, reduce 185) on TOK_DIV
30: reduce/reduce conflict (reduce 21, reduce 185) on TOK_MOD
30: reduce/reduce conflict (reduce 21, reduce 185) on TOK_BOREQ
30: reduce/reduce conflict (reduce 21, reduce 185) on TOK_BANDEQ
30: reduce/reduce conflict (reduce 21, reduce 185) on TOK_BXOREQ
30: reduce/reduce conflict (reduce 21, reduce 185) on TOK_LSHIFTEQ
30: reduce/reduce conflict (reduce 21, reduce 185) on TOK_RSHIFTEQ
30: reduce/reduce conflict (reduce 21, reduce 185) on TOK_ADDEQ
30: reduce/reduce conflict (reduce 21, reduce 185) on TOK_MINUSEQ
30: reduce/reduce conflict (reduce 21, reduce 185) on TOK_MULEQ
30: reduce/reduce conflict (reduce 21, reduce 185) on TOK_DIVEQ
30: reduce/reduce conflict (reduce 21, reduce 185) on TOK_MODEQ
30: reduce/reduce conflict (reduce 21, reduce 185) on TOK_UpperIdent
30: reduce/reduce conflict (reduce 21, reduce 185) on TOK_LowerIdent
30: reduce/reduce conflict (reduce 21, reduce 185) on TOK_TyBool
30: reduce/reduce conflict (reduce 21, reduce 185) on TOK_TyChar
30: reduce/reduce conflict (reduce 21, reduce 185) on TOK_TyInt
30: reduce/reduce conflict (reduce 21, reduce 185) on TOK_TyFloat
30: reduce/reduce conflict (reduce 21, reduce 185) on TOK_MUT
state 30
	bi_op_token : TOK_BOREQ .  (21)
	assignment_op : TOK_BOREQ .  (185)

	error  reduce 21
	TOK_LPAREN  reduce 185
	TOK_SEMICOLON  reduce 21
	TOK_EQ  reduce 21
	TOK_EQGT  reduce 21
	TOK_MINUSGT  reduce 21
	TOK_MINUS  reduce 21
	TOK_BANG  reduce 21
	TOK_LT  reduce 21
	TOK_LTEQ  reduce 21
	TOK_GT  reduce 21
	TOK_GTEQ  reduce 21
	TOK_EQEQ  reduce 21
	TOK_BANGEQ  reduce 21
	TOK_LOR  reduce 21
	TOK_LAND  reduce 21
	TOK_LXOR  reduce 21
	TOK_BOR  reduce 21
	TOK_BAND  reduce 21
	TOK_BXOR  reduce 21
	TOK_LSHIFT  reduce 21
	TOK_RSHIFT  reduce 21
	TOK_ADD  reduce 21
	TOK_MUL  reduce 21
	TOK_DIV  reduce 21
	TOK_MOD  reduce 21
	TOK_BOREQ  reduce 21
	TOK_BANDEQ  reduce 21
	TOK_BXOREQ  reduce 21
	TOK_LSHIFTEQ  reduce 21
	TOK_RSHIFTEQ  reduce 21
	TOK_ADDEQ  reduce 21
	TOK_MINUSEQ  reduce 21
	TOK_MULEQ  reduce 21
	TOK_DIVEQ  reduce 21
	TOK_MODEQ  reduce 21
	TOK_UpperIdent  reduce 21
	TOK_LowerIdent  reduce 21
	TOK_Integer  reduce 185
	TOK_Double  reduce 185
	TOK_Char  reduce 185
	TOK_String  reduce 185
	TOK_TyBool  reduce 21
	TOK_TyChar  reduce 21
	TOK_TyInt  reduce 21
	TOK_TyFloat  reduce 21
	TOK_TRUE  reduce 185
	TOK_FALSE  reduce 185
	TOK_THIS  reduce 185
	TOK_AS  reduce 21
	TOK_IF  reduce 21
	TOK_ELSE  reduce 21
	TOK_WHILE  reduce 21
	TOK_FOR  reduce 21
	TOK_BREAK  reduce 21
	TOK_CONTINUE  reduce 21
	TOK_LET  reduce 21
	TOK_MUT  reduce 21
	TOK_IN  reduce 21
	TOK_MATCH  reduce 21
	TOK_FUN  reduce 21
	TOK_RETURN  reduce 21
	TOK_INTERFACE  reduce 21
	TOK_IMPL  reduce 21
	TOK_EXTENDS  reduce 21
	TOK_TYPE  reduce 21


31: reduce/reduce conflict (reduce 22, reduce 186) on TOK_EQ
31: reduce/reduce conflict (reduce 22, reduce 186) on TOK_EQGT
31: reduce/reduce conflict (reduce 22, reduce 186) on TOK_MINUSGT
31: reduce/reduce conflict (reduce 22, reduce 186) on TOK_MINUS
31: reduce/reduce conflict (reduce 22, reduce 186) on TOK_BANG
31: reduce/reduce conflict (reduce 22, reduce 186) on TOK_LT
31: reduce/reduce conflict (reduce 22, reduce 186) on TOK_LTEQ
31: reduce/reduce conflict (reduce 22, reduce 186) on TOK_GT
31: reduce/reduce conflict (reduce 22, reduce 186) on TOK_GTEQ
31: reduce/reduce conflict (reduce 22, reduce 186) on TOK_EQEQ
31: reduce/reduce conflict (reduce 22, reduce 186) on TOK_BANGEQ
31: reduce/reduce conflict (reduce 22, reduce 186) on TOK_LOR
31: reduce/reduce conflict (reduce 22, reduce 186) on TOK_LAND
31: reduce/reduce conflict (reduce 22, reduce 186) on TOK_LXOR
31: reduce/reduce conflict (reduce 22, reduce 186) on TOK_BOR
31: reduce/reduce conflict (reduce 22, reduce 186) on TOK_BAND
31: reduce/reduce conflict (reduce 22, reduce 186) on TOK_BXOR
31: reduce/reduce conflict (reduce 22, reduce 186) on TOK_LSHIFT
31: reduce/reduce conflict (reduce 22, reduce 186) on TOK_RSHIFT
31: reduce/reduce conflict (reduce 22, reduce 186) on TOK_ADD
31: reduce/reduce conflict (reduce 22, reduce 186) on TOK_MUL
31: reduce/reduce conflict (reduce 22, reduce 186) on TOK_DIV
31: reduce/reduce conflict (reduce 22, reduce 186) on TOK_MOD
31: reduce/reduce conflict (reduce 22, reduce 186) on TOK_BOREQ
31: reduce/reduce conflict (reduce 22, reduce 186) on TOK_BANDEQ
31: reduce/reduce conflict (reduce 22, reduce 186) on TOK_BXOREQ
31: reduce/reduce conflict (reduce 22, reduce 186) on TOK_LSHIFTEQ
31: reduce/reduce conflict (reduce 22, reduce 186) on TOK_RSHIFTEQ
31: reduce/reduce conflict (reduce 22, reduce 186) on TOK_ADDEQ
31: reduce/reduce conflict (reduce 22, reduce 186) on TOK_MINUSEQ
31: reduce/reduce conflict (reduce 22, reduce 186) on TOK_MULEQ
31: reduce/reduce conflict (reduce 22, reduce 186) on TOK_DIVEQ
31: reduce/reduce conflict (reduce 22, reduce 186) on TOK_MODEQ
31: reduce/reduce conflict (reduce 22, reduce 186) on TOK_UpperIdent
31: reduce/reduce conflict (reduce 22, reduce 186) on TOK_LowerIdent
31: reduce/reduce conflict (reduce 22, reduce 186) on TOK_TyBool
31: reduce/reduce conflict (reduce 22, reduce 186) on TOK_TyChar
31: reduce/reduce conflict (reduce 22, reduce 186) on TOK_TyInt
31: reduce/reduce conflict (reduce 22, reduce 186) on TOK_TyFloat
31: reduce/reduce conflict (reduce 22, reduce 186) on TOK_MUT
state 31
	asgn_token : TOK_BANDEQ .  (22)
	assignment_op : TOK_BANDEQ .  (186)

	error  reduce 22
	TOK_LPAREN  reduce 186
	TOK_SEMICOLON  reduce 22
	TOK_EQ  reduce 22
	TOK_EQGT  reduce 22
	TOK_MINUSGT  reduce 22
	TOK_MINUS  reduce 22
	TOK_BANG  reduce 22
	TOK_LT  reduce 22
	TOK_LTEQ  reduce 22
	TOK_GT  reduce 22
	TOK_GTEQ  reduce 22
	TOK_EQEQ  reduce 22
	TOK_BANGEQ  reduce 22
	TOK_LOR  reduce 22
	TOK_LAND  reduce 22
	TOK_LXOR  reduce 22
	TOK_BOR  reduce 22
	TOK_BAND  reduce 22
	TOK_BXOR  reduce 22
	TOK_LSHIFT  reduce 22
	TOK_RSHIFT  reduce 22
	TOK_ADD  reduce 22
	TOK_MUL  reduce 22
	TOK_DIV  reduce 22
	TOK_MOD  reduce 22
	TOK_BOREQ  reduce 22
	TOK_BANDEQ  reduce 22
	TOK_BXOREQ  reduce 22
	TOK_LSHIFTEQ  reduce 22
	TOK_RSHIFTEQ  reduce 22
	TOK_ADDEQ  reduce 22
	TOK_MINUSEQ  reduce 22
	TOK_MULEQ  reduce 22
	TOK_DIVEQ  reduce 22
	TOK_MODEQ  reduce 22
	TOK_UpperIdent  reduce 22
	TOK_LowerIdent  reduce 22
	TOK_Integer  reduce 186
	TOK_Double  reduce 186
	TOK_Char  reduce 186
	TOK_String  reduce 186
	TOK_TyBool  reduce 22
	TOK_TyChar  reduce 22
	TOK_TyInt  reduce 22
	TOK_TyFloat  reduce 22
	TOK_TRUE  reduce 186
	TOK_FALSE  reduce 186
	TOK_THIS  reduce 186
	TOK_AS  reduce 22
	TOK_IF  reduce 22
	TOK_ELSE  reduce 22
	TOK_WHILE  reduce 22
	TOK_FOR  reduce 22
	TOK_BREAK  reduce 22
	TOK_CONTINUE  reduce 22
	TOK_LET  reduce 22
	TOK_MUT  reduce 22
	TOK_IN  reduce 22
	TOK_MATCH  reduce 22
	TOK_FUN  reduce 22
	TOK_RETURN  reduce 22
	TOK_INTERFACE  reduce 22
	TOK_IMPL  reduce 22
	TOK_EXTENDS  reduce 22
	TOK_TYPE  reduce 22


32: reduce/reduce conflict (reduce 23, reduce 187) on TOK_EQ
32: reduce/reduce conflict (reduce 23, reduce 187) on TOK_EQGT
32: reduce/reduce conflict (reduce 23, reduce 187) on TOK_MINUSGT
32: reduce/reduce conflict (reduce 23, reduce 187) on TOK_MINUS
32: reduce/reduce conflict (reduce 23, reduce 187) on TOK_BANG
32: reduce/reduce conflict (reduce 23, reduce 187) on TOK_LT
32: reduce/reduce conflict (reduce 23, reduce 187) on TOK_LTEQ
32: reduce/reduce conflict (reduce 23, reduce 187) on TOK_GT
32: reduce/reduce conflict (reduce 23, reduce 187) on TOK_GTEQ
32: reduce/reduce conflict (reduce 23, reduce 187) on TOK_EQEQ
32: reduce/reduce conflict (reduce 23, reduce 187) on TOK_BANGEQ
32: reduce/reduce conflict (reduce 23, reduce 187) on TOK_LOR
32: reduce/reduce conflict (reduce 23, reduce 187) on TOK_LAND
32: reduce/reduce conflict (reduce 23, reduce 187) on TOK_LXOR
32: reduce/reduce conflict (reduce 23, reduce 187) on TOK_BOR
32: reduce/reduce conflict (reduce 23, reduce 187) on TOK_BAND
32: reduce/reduce conflict (reduce 23, reduce 187) on TOK_BXOR
32: reduce/reduce conflict (reduce 23, reduce 187) on TOK_LSHIFT
32: reduce/reduce conflict (reduce 23, reduce 187) on TOK_RSHIFT
32: reduce/reduce conflict (reduce 23, reduce 187) on TOK_ADD
32: reduce/reduce conflict (reduce 23, reduce 187) on TOK_MUL
32: reduce/reduce conflict (reduce 23, reduce 187) on TOK_DIV
32: reduce/reduce conflict (reduce 23, reduce 187) on TOK_MOD
32: reduce/reduce conflict (reduce 23, reduce 187) on TOK_BOREQ
32: reduce/reduce conflict (reduce 23, reduce 187) on TOK_BANDEQ
32: reduce/reduce conflict (reduce 23, reduce 187) on TOK_BXOREQ
32: reduce/reduce conflict (reduce 23, reduce 187) on TOK_LSHIFTEQ
32: reduce/reduce conflict (reduce 23, reduce 187) on TOK_RSHIFTEQ
32: reduce/reduce conflict (reduce 23, reduce 187) on TOK_ADDEQ
32: reduce/reduce conflict (reduce 23, reduce 187) on TOK_MINUSEQ
32: reduce/reduce conflict (reduce 23, reduce 187) on TOK_MULEQ
32: reduce/reduce conflict (reduce 23, reduce 187) on TOK_DIVEQ
32: reduce/reduce conflict (reduce 23, reduce 187) on TOK_MODEQ
32: reduce/reduce conflict (reduce 23, reduce 187) on TOK_UpperIdent
32: reduce/reduce conflict (reduce 23, reduce 187) on TOK_LowerIdent
32: reduce/reduce conflict (reduce 23, reduce 187) on TOK_TyBool
32: reduce/reduce conflict (reduce 23, reduce 187) on TOK_TyChar
32: reduce/reduce conflict (reduce 23, reduce 187) on TOK_TyInt
32: reduce/reduce conflict (reduce 23, reduce 187) on TOK_TyFloat
32: reduce/reduce conflict (reduce 23, reduce 187) on TOK_MUT
state 32
	asgn_token : TOK_BXOREQ .  (23)
	assignment_op : TOK_BXOREQ .  (187)

	error  reduce 23
	TOK_LPAREN  reduce 187
	TOK_SEMICOLON  reduce 23
	TOK_EQ  reduce 23
	TOK_EQGT  reduce 23
	TOK_MINUSGT  reduce 23
	TOK_MINUS  reduce 23
	TOK_BANG  reduce 23
	TOK_LT  reduce 23
	TOK_LTEQ  reduce 23
	TOK_GT  reduce 23
	TOK_GTEQ  reduce 23
	TOK_EQEQ  reduce 23
	TOK_BANGEQ  reduce 23
	TOK_LOR  reduce 23
	TOK_LAND  reduce 23
	TOK_LXOR  reduce 23
	TOK_BOR  reduce 23
	TOK_BAND  reduce 23
	TOK_BXOR  reduce 23
	TOK_LSHIFT  reduce 23
	TOK_RSHIFT  reduce 23
	TOK_ADD  reduce 23
	TOK_MUL  reduce 23
	TOK_DIV  reduce 23
	TOK_MOD  reduce 23
	TOK_BOREQ  reduce 23
	TOK_BANDEQ  reduce 23
	TOK_BXOREQ  reduce 23
	TOK_LSHIFTEQ  reduce 23
	TOK_RSHIFTEQ  reduce 23
	TOK_ADDEQ  reduce 23
	TOK_MINUSEQ  reduce 23
	TOK_MULEQ  reduce 23
	TOK_DIVEQ  reduce 23
	TOK_MODEQ  reduce 23
	TOK_UpperIdent  reduce 23
	TOK_LowerIdent  reduce 23
	TOK_Integer  reduce 187
	TOK_Double  reduce 187
	TOK_Char  reduce 187
	TOK_String  reduce 187
	TOK_TyBool  reduce 23
	TOK_TyChar  reduce 23
	TOK_TyInt  reduce 23
	TOK_TyFloat  reduce 23
	TOK_TRUE  reduce 187
	TOK_FALSE  reduce 187
	TOK_THIS  reduce 187
	TOK_AS  reduce 23
	TOK_IF  reduce 23
	TOK_ELSE  reduce 23
	TOK_WHILE  reduce 23
	TOK_FOR  reduce 23
	TOK_BREAK  reduce 23
	TOK_CONTINUE  reduce 23
	TOK_LET  reduce 23
	TOK_MUT  reduce 23
	TOK_IN  reduce 23
	TOK_MATCH  reduce 23
	TOK_FUN  reduce 23
	TOK_RETURN  reduce 23
	TOK_INTERFACE  reduce 23
	TOK_IMPL  reduce 23
	TOK_EXTENDS  reduce 23
	TOK_TYPE  reduce 23


33: reduce/reduce conflict (reduce 24, reduce 188) on TOK_EQ
33: reduce/reduce conflict (reduce 24, reduce 188) on TOK_EQGT
33: reduce/reduce conflict (reduce 24, reduce 188) on TOK_MINUSGT
33: reduce/reduce conflict (reduce 24, reduce 188) on TOK_MINUS
33: reduce/reduce conflict (reduce 24, reduce 188) on TOK_BANG
33: reduce/reduce conflict (reduce 24, reduce 188) on TOK_LT
33: reduce/reduce conflict (reduce 24, reduce 188) on TOK_LTEQ
33: reduce/reduce conflict (reduce 24, reduce 188) on TOK_GT
33: reduce/reduce conflict (reduce 24, reduce 188) on TOK_GTEQ
33: reduce/reduce conflict (reduce 24, reduce 188) on TOK_EQEQ
33: reduce/reduce conflict (reduce 24, reduce 188) on TOK_BANGEQ
33: reduce/reduce conflict (reduce 24, reduce 188) on TOK_LOR
33: reduce/reduce conflict (reduce 24, reduce 188) on TOK_LAND
33: reduce/reduce conflict (reduce 24, reduce 188) on TOK_LXOR
33: reduce/reduce conflict (reduce 24, reduce 188) on TOK_BOR
33: reduce/reduce conflict (reduce 24, reduce 188) on TOK_BAND
33: reduce/reduce conflict (reduce 24, reduce 188) on TOK_BXOR
33: reduce/reduce conflict (reduce 24, reduce 188) on TOK_LSHIFT
33: reduce/reduce conflict (reduce 24, reduce 188) on TOK_RSHIFT
33: reduce/reduce conflict (reduce 24, reduce 188) on TOK_ADD
33: reduce/reduce conflict (reduce 24, reduce 188) on TOK_MUL
33: reduce/reduce conflict (reduce 24, reduce 188) on TOK_DIV
33: reduce/reduce conflict (reduce 24, reduce 188) on TOK_MOD
33: reduce/reduce conflict (reduce 24, reduce 188) on TOK_BOREQ
33: reduce/reduce conflict (reduce 24, reduce 188) on TOK_BANDEQ
33: reduce/reduce conflict (reduce 24, reduce 188) on TOK_BXOREQ
33: reduce/reduce conflict (reduce 24, reduce 188) on TOK_LSHIFTEQ
33: reduce/reduce conflict (reduce 24, reduce 188) on TOK_RSHIFTEQ
33: reduce/reduce conflict (reduce 24, reduce 188) on TOK_ADDEQ
33: reduce/reduce conflict (reduce 24, reduce 188) on TOK_MINUSEQ
33: reduce/reduce conflict (reduce 24, reduce 188) on TOK_MULEQ
33: reduce/reduce conflict (reduce 24, reduce 188) on TOK_DIVEQ
33: reduce/reduce conflict (reduce 24, reduce 188) on TOK_MODEQ
33: reduce/reduce conflict (reduce 24, reduce 188) on TOK_UpperIdent
33: reduce/reduce conflict (reduce 24, reduce 188) on TOK_LowerIdent
33: reduce/reduce conflict (reduce 24, reduce 188) on TOK_TyBool
33: reduce/reduce conflict (reduce 24, reduce 188) on TOK_TyChar
33: reduce/reduce conflict (reduce 24, reduce 188) on TOK_TyInt
33: reduce/reduce conflict (reduce 24, reduce 188) on TOK_TyFloat
33: reduce/reduce conflict (reduce 24, reduce 188) on TOK_MUT
state 33
	asgn_token : TOK_LSHIFTEQ .  (24)
	assignment_op : TOK_LSHIFTEQ .  (188)

	error  reduce 24
	TOK_LPAREN  reduce 188
	TOK_SEMICOLON  reduce 24
	TOK_EQ  reduce 24
	TOK_EQGT  reduce 24
	TOK_MINUSGT  reduce 24
	TOK_MINUS  reduce 24
	TOK_BANG  reduce 24
	TOK_LT  reduce 24
	TOK_LTEQ  reduce 24
	TOK_GT  reduce 24
	TOK_GTEQ  reduce 24
	TOK_EQEQ  reduce 24
	TOK_BANGEQ  reduce 24
	TOK_LOR  reduce 24
	TOK_LAND  reduce 24
	TOK_LXOR  reduce 24
	TOK_BOR  reduce 24
	TOK_BAND  reduce 24
	TOK_BXOR  reduce 24
	TOK_LSHIFT  reduce 24
	TOK_RSHIFT  reduce 24
	TOK_ADD  reduce 24
	TOK_MUL  reduce 24
	TOK_DIV  reduce 24
	TOK_MOD  reduce 24
	TOK_BOREQ  reduce 24
	TOK_BANDEQ  reduce 24
	TOK_BXOREQ  reduce 24
	TOK_LSHIFTEQ  reduce 24
	TOK_RSHIFTEQ  reduce 24
	TOK_ADDEQ  reduce 24
	TOK_MINUSEQ  reduce 24
	TOK_MULEQ  reduce 24
	TOK_DIVEQ  reduce 24
	TOK_MODEQ  reduce 24
	TOK_UpperIdent  reduce 24
	TOK_LowerIdent  reduce 24
	TOK_Integer  reduce 188
	TOK_Double  reduce 188
	TOK_Char  reduce 188
	TOK_String  reduce 188
	TOK_TyBool  reduce 24
	TOK_TyChar  reduce 24
	TOK_TyInt  reduce 24
	TOK_TyFloat  reduce 24
	TOK_TRUE  reduce 188
	TOK_FALSE  reduce 188
	TOK_THIS  reduce 188
	TOK_AS  reduce 24
	TOK_IF  reduce 24
	TOK_ELSE  reduce 24
	TOK_WHILE  reduce 24
	TOK_FOR  reduce 24
	TOK_BREAK  reduce 24
	TOK_CONTINUE  reduce 24
	TOK_LET  reduce 24
	TOK_MUT  reduce 24
	TOK_IN  reduce 24
	TOK_MATCH  reduce 24
	TOK_FUN  reduce 24
	TOK_RETURN  reduce 24
	TOK_INTERFACE  reduce 24
	TOK_IMPL  reduce 24
	TOK_EXTENDS  reduce 24
	TOK_TYPE  reduce 24


34: reduce/reduce conflict (reduce 25, reduce 189) on TOK_EQ
34: reduce/reduce conflict (reduce 25, reduce 189) on TOK_EQGT
34: reduce/reduce conflict (reduce 25, reduce 189) on TOK_MINUSGT
34: reduce/reduce conflict (reduce 25, reduce 189) on TOK_MINUS
34: reduce/reduce conflict (reduce 25, reduce 189) on TOK_BANG
34: reduce/reduce conflict (reduce 25, reduce 189) on TOK_LT
34: reduce/reduce conflict (reduce 25, reduce 189) on TOK_LTEQ
34: reduce/reduce conflict (reduce 25, reduce 189) on TOK_GT
34: reduce/reduce conflict (reduce 25, reduce 189) on TOK_GTEQ
34: reduce/reduce conflict (reduce 25, reduce 189) on TOK_EQEQ
34: reduce/reduce conflict (reduce 25, reduce 189) on TOK_BANGEQ
34: reduce/reduce conflict (reduce 25, reduce 189) on TOK_LOR
34: reduce/reduce conflict (reduce 25, reduce 189) on TOK_LAND
34: reduce/reduce conflict (reduce 25, reduce 189) on TOK_LXOR
34: reduce/reduce conflict (reduce 25, reduce 189) on TOK_BOR
34: reduce/reduce conflict (reduce 25, reduce 189) on TOK_BAND
34: reduce/reduce conflict (reduce 25, reduce 189) on TOK_BXOR
34: reduce/reduce conflict (reduce 25, reduce 189) on TOK_LSHIFT
34: reduce/reduce conflict (reduce 25, reduce 189) on TOK_RSHIFT
34: reduce/reduce conflict (reduce 25, reduce 189) on TOK_ADD
34: reduce/reduce conflict (reduce 25, reduce 189) on TOK_MUL
34: reduce/reduce conflict (reduce 25, reduce 189) on TOK_DIV
34: reduce/reduce conflict (reduce 25, reduce 189) on TOK_MOD
34: reduce/reduce conflict (reduce 25, reduce 189) on TOK_BOREQ
34: reduce/reduce conflict (reduce 25, reduce 189) on TOK_BANDEQ
34: reduce/reduce conflict (reduce 25, reduce 189) on TOK_BXOREQ
34: reduce/reduce conflict (reduce 25, reduce 189) on TOK_LSHIFTEQ
34: reduce/reduce conflict (reduce 25, reduce 189) on TOK_RSHIFTEQ
34: reduce/reduce conflict (reduce 25, reduce 189) on TOK_ADDEQ
34: reduce/reduce conflict (reduce 25, reduce 189) on TOK_MINUSEQ
34: reduce/reduce conflict (reduce 25, reduce 189) on TOK_MULEQ
34: reduce/reduce conflict (reduce 25, reduce 189) on TOK_DIVEQ
34: reduce/reduce conflict (reduce 25, reduce 189) on TOK_MODEQ
34: reduce/reduce conflict (reduce 25, reduce 189) on TOK_UpperIdent
34: reduce/reduce conflict (reduce 25, reduce 189) on TOK_LowerIdent
34: reduce/reduce conflict (reduce 25, reduce 189) on TOK_TyBool
34: reduce/reduce conflict (reduce 25, reduce 189) on TOK_TyChar
34: reduce/reduce conflict (reduce 25, reduce 189) on TOK_TyInt
34: reduce/reduce conflict (reduce 25, reduce 189) on TOK_TyFloat
34: reduce/reduce conflict (reduce 25, reduce 189) on TOK_MUT
state 34
	asgn_token : TOK_RSHIFTEQ .  (25)
	assignment_op : TOK_RSHIFTEQ .  (189)

	error  reduce 25
	TOK_LPAREN  reduce 189
	TOK_SEMICOLON  reduce 25
	TOK_EQ  reduce 25
	TOK_EQGT  reduce 25
	TOK_MINUSGT  reduce 25
	TOK_MINUS  reduce 25
	TOK_BANG  reduce 25
	TOK_LT  reduce 25
	TOK_LTEQ  reduce 25
	TOK_GT  reduce 25
	TOK_GTEQ  reduce 25
	TOK_EQEQ  reduce 25
	TOK_BANGEQ  reduce 25
	TOK_LOR  reduce 25
	TOK_LAND  reduce 25
	TOK_LXOR  reduce 25
	TOK_BOR  reduce 25
	TOK_BAND  reduce 25
	TOK_BXOR  reduce 25
	TOK_LSHIFT  reduce 25
	TOK_RSHIFT  reduce 25
	TOK_ADD  reduce 25
	TOK_MUL  reduce 25
	TOK_DIV  reduce 25
	TOK_MOD  reduce 25
	TOK_BOREQ  reduce 25
	TOK_BANDEQ  reduce 25
	TOK_BXOREQ  reduce 25
	TOK_LSHIFTEQ  reduce 25
	TOK_RSHIFTEQ  reduce 25
	TOK_ADDEQ  reduce 25
	TOK_MINUSEQ  reduce 25
	TOK_MULEQ  reduce 25
	TOK_DIVEQ  reduce 25
	TOK_MODEQ  reduce 25
	TOK_UpperIdent  reduce 25
	TOK_LowerIdent  reduce 25
	TOK_Integer  reduce 189
	TOK_Double  reduce 189
	TOK_Char  reduce 189
	TOK_String  reduce 189
	TOK_TyBool  reduce 25
	TOK_TyChar  reduce 25
	TOK_TyInt  reduce 25
	TOK_TyFloat  reduce 25
	TOK_TRUE  reduce 189
	TOK_FALSE  reduce 189
	TOK_THIS  reduce 189
	TOK_AS  reduce 25
	TOK_IF  reduce 25
	TOK_ELSE  reduce 25
	TOK_WHILE  reduce 25
	TOK_FOR  reduce 25
	TOK_BREAK  reduce 25
	TOK_CONTINUE  reduce 25
	TOK_LET  reduce 25
	TOK_MUT  reduce 25
	TOK_IN  reduce 25
	TOK_MATCH  reduce 25
	TOK_FUN  reduce 25
	TOK_RETURN  reduce 25
	TOK_INTERFACE  reduce 25
	TOK_IMPL  reduce 25
	TOK_EXTENDS  reduce 25
	TOK_TYPE  reduce 25


35: reduce/reduce conflict (reduce 26, reduce 190) on TOK_EQ
35: reduce/reduce conflict (reduce 26, reduce 190) on TOK_EQGT
35: reduce/reduce conflict (reduce 26, reduce 190) on TOK_MINUSGT
35: reduce/reduce conflict (reduce 26, reduce 190) on TOK_MINUS
35: reduce/reduce conflict (reduce 26, reduce 190) on TOK_BANG
35: reduce/reduce conflict (reduce 26, reduce 190) on TOK_LT
35: reduce/reduce conflict (reduce 26, reduce 190) on TOK_LTEQ
35: reduce/reduce conflict (reduce 26, reduce 190) on TOK_GT
35: reduce/reduce conflict (reduce 26, reduce 190) on TOK_GTEQ
35: reduce/reduce conflict (reduce 26, reduce 190) on TOK_EQEQ
35: reduce/reduce conflict (reduce 26, reduce 190) on TOK_BANGEQ
35: reduce/reduce conflict (reduce 26, reduce 190) on TOK_LOR
35: reduce/reduce conflict (reduce 26, reduce 190) on TOK_LAND
35: reduce/reduce conflict (reduce 26, reduce 190) on TOK_LXOR
35: reduce/reduce conflict (reduce 26, reduce 190) on TOK_BOR
35: reduce/reduce conflict (reduce 26, reduce 190) on TOK_BAND
35: reduce/reduce conflict (reduce 26, reduce 190) on TOK_BXOR
35: reduce/reduce conflict (reduce 26, reduce 190) on TOK_LSHIFT
35: reduce/reduce conflict (reduce 26, reduce 190) on TOK_RSHIFT
35: reduce/reduce conflict (reduce 26, reduce 190) on TOK_ADD
35: reduce/reduce conflict (reduce 26, reduce 190) on TOK_MUL
35: reduce/reduce conflict (reduce 26, reduce 190) on TOK_DIV
35: reduce/reduce conflict (reduce 26, reduce 190) on TOK_MOD
35: reduce/reduce conflict (reduce 26, reduce 190) on TOK_BOREQ
35: reduce/reduce conflict (reduce 26, reduce 190) on TOK_BANDEQ
35: reduce/reduce conflict (reduce 26, reduce 190) on TOK_BXOREQ
35: reduce/reduce conflict (reduce 26, reduce 190) on TOK_LSHIFTEQ
35: reduce/reduce conflict (reduce 26, reduce 190) on TOK_RSHIFTEQ
35: reduce/reduce conflict (reduce 26, reduce 190) on TOK_ADDEQ
35: reduce/reduce conflict (reduce 26, reduce 190) on TOK_MINUSEQ
35: reduce/reduce conflict (reduce 26, reduce 190) on TOK_MULEQ
35: reduce/reduce conflict (reduce 26, reduce 190) on TOK_DIVEQ
35: reduce/reduce conflict (reduce 26, reduce 190) on TOK_MODEQ
35: reduce/reduce conflict (reduce 26, reduce 190) on TOK_UpperIdent
35: reduce/reduce conflict (reduce 26, reduce 190) on TOK_LowerIdent
35: reduce/reduce conflict (reduce 26, reduce 190) on TOK_TyBool
35: reduce/reduce conflict (reduce 26, reduce 190) on TOK_TyChar
35: reduce/reduce conflict (reduce 26, reduce 190) on TOK_TyInt
35: reduce/reduce conflict (reduce 26, reduce 190) on TOK_TyFloat
35: reduce/reduce conflict (reduce 26, reduce 190) on TOK_MUT
state 35
	asgn_token : TOK_ADDEQ .  (26)
	assignment_op : TOK_ADDEQ .  (190)

	error  reduce 26
	TOK_LPAREN  reduce 190
	TOK_SEMICOLON  reduce 26
	TOK_EQ  reduce 26
	TOK_EQGT  reduce 26
	TOK_MINUSGT  reduce 26
	TOK_MINUS  reduce 26
	TOK_BANG  reduce 26
	TOK_LT  reduce 26
	TOK_LTEQ  reduce 26
	TOK_GT  reduce 26
	TOK_GTEQ  reduce 26
	TOK_EQEQ  reduce 26
	TOK_BANGEQ  reduce 26
	TOK_LOR  reduce 26
	TOK_LAND  reduce 26
	TOK_LXOR  reduce 26
	TOK_BOR  reduce 26
	TOK_BAND  reduce 26
	TOK_BXOR  reduce 26
	TOK_LSHIFT  reduce 26
	TOK_RSHIFT  reduce 26
	TOK_ADD  reduce 26
	TOK_MUL  reduce 26
	TOK_DIV  reduce 26
	TOK_MOD  reduce 26
	TOK_BOREQ  reduce 26
	TOK_BANDEQ  reduce 26
	TOK_BXOREQ  reduce 26
	TOK_LSHIFTEQ  reduce 26
	TOK_RSHIFTEQ  reduce 26
	TOK_ADDEQ  reduce 26
	TOK_MINUSEQ  reduce 26
	TOK_MULEQ  reduce 26
	TOK_DIVEQ  reduce 26
	TOK_MODEQ  reduce 26
	TOK_UpperIdent  reduce 26
	TOK_LowerIdent  reduce 26
	TOK_Integer  reduce 190
	TOK_Double  reduce 190
	TOK_Char  reduce 190
	TOK_String  reduce 190
	TOK_TyBool  reduce 26
	TOK_TyChar  reduce 26
	TOK_TyInt  reduce 26
	TOK_TyFloat  reduce 26
	TOK_TRUE  reduce 190
	TOK_FALSE  reduce 190
	TOK_THIS  reduce 190
	TOK_AS  reduce 26
	TOK_IF  reduce 26
	TOK_ELSE  reduce 26
	TOK_WHILE  reduce 26
	TOK_FOR  reduce 26
	TOK_BREAK  reduce 26
	TOK_CONTINUE  reduce 26
	TOK_LET  reduce 26
	TOK_MUT  reduce 26
	TOK_IN  reduce 26
	TOK_MATCH  reduce 26
	TOK_FUN  reduce 26
	TOK_RETURN  reduce 26
	TOK_INTERFACE  reduce 26
	TOK_IMPL  reduce 26
	TOK_EXTENDS  reduce 26
	TOK_TYPE  reduce 26


36: reduce/reduce conflict (reduce 27, reduce 191) on TOK_EQ
36: reduce/reduce conflict (reduce 27, reduce 191) on TOK_EQGT
36: reduce/reduce conflict (reduce 27, reduce 191) on TOK_MINUSGT
36: reduce/reduce conflict (reduce 27, reduce 191) on TOK_MINUS
36: reduce/reduce conflict (reduce 27, reduce 191) on TOK_BANG
36: reduce/reduce conflict (reduce 27, reduce 191) on TOK_LT
36: reduce/reduce conflict (reduce 27, reduce 191) on TOK_LTEQ
36: reduce/reduce conflict (reduce 27, reduce 191) on TOK_GT
36: reduce/reduce conflict (reduce 27, reduce 191) on TOK_GTEQ
36: reduce/reduce conflict (reduce 27, reduce 191) on TOK_EQEQ
36: reduce/reduce conflict (reduce 27, reduce 191) on TOK_BANGEQ
36: reduce/reduce conflict (reduce 27, reduce 191) on TOK_LOR
36: reduce/reduce conflict (reduce 27, reduce 191) on TOK_LAND
36: reduce/reduce conflict (reduce 27, reduce 191) on TOK_LXOR
36: reduce/reduce conflict (reduce 27, reduce 191) on TOK_BOR
36: reduce/reduce conflict (reduce 27, reduce 191) on TOK_BAND
36: reduce/reduce conflict (reduce 27, reduce 191) on TOK_BXOR
36: reduce/reduce conflict (reduce 27, reduce 191) on TOK_LSHIFT
36: reduce/reduce conflict (reduce 27, reduce 191) on TOK_RSHIFT
36: reduce/reduce conflict (reduce 27, reduce 191) on TOK_ADD
36: reduce/reduce conflict (reduce 27, reduce 191) on TOK_MUL
36: reduce/reduce conflict (reduce 27, reduce 191) on TOK_DIV
36: reduce/reduce conflict (reduce 27, reduce 191) on TOK_MOD
36: reduce/reduce conflict (reduce 27, reduce 191) on TOK_BOREQ
36: reduce/reduce conflict (reduce 27, reduce 191) on TOK_BANDEQ
36: reduce/reduce conflict (reduce 27, reduce 191) on TOK_BXOREQ
36: reduce/reduce conflict (reduce 27, reduce 191) on TOK_LSHIFTEQ
36: reduce/reduce conflict (reduce 27, reduce 191) on TOK_RSHIFTEQ
36: reduce/reduce conflict (reduce 27, reduce 191) on TOK_ADDEQ
36: reduce/reduce conflict (reduce 27, reduce 191) on TOK_MINUSEQ
36: reduce/reduce conflict (reduce 27, reduce 191) on TOK_MULEQ
36: reduce/reduce conflict (reduce 27, reduce 191) on TOK_DIVEQ
36: reduce/reduce conflict (reduce 27, reduce 191) on TOK_MODEQ
36: reduce/reduce conflict (reduce 27, reduce 191) on TOK_UpperIdent
36: reduce/reduce conflict (reduce 27, reduce 191) on TOK_LowerIdent
36: reduce/reduce conflict (reduce 27, reduce 191) on TOK_TyBool
36: reduce/reduce conflict (reduce 27, reduce 191) on TOK_TyChar
36: reduce/reduce conflict (reduce 27, reduce 191) on TOK_TyInt
36: reduce/reduce conflict (reduce 27, reduce 191) on TOK_TyFloat
36: reduce/reduce conflict (reduce 27, reduce 191) on TOK_MUT
state 36
	asgn_token : TOK_MINUSEQ .  (27)
	assignment_op : TOK_MINUSEQ .  (191)

	error  reduce 27
	TOK_LPAREN  reduce 191
	TOK_SEMICOLON  reduce 27
	TOK_EQ  reduce 27
	TOK_EQGT  reduce 27
	TOK_MINUSGT  reduce 27
	TOK_MINUS  reduce 27
	TOK_BANG  reduce 27
	TOK_LT  reduce 27
	TOK_LTEQ  reduce 27
	TOK_GT  reduce 27
	TOK_GTEQ  reduce 27
	TOK_EQEQ  reduce 27
	TOK_BANGEQ  reduce 27
	TOK_LOR  reduce 27
	TOK_LAND  reduce 27
	TOK_LXOR  reduce 27
	TOK_BOR  reduce 27
	TOK_BAND  reduce 27
	TOK_BXOR  reduce 27
	TOK_LSHIFT  reduce 27
	TOK_RSHIFT  reduce 27
	TOK_ADD  reduce 27
	TOK_MUL  reduce 27
	TOK_DIV  reduce 27
	TOK_MOD  reduce 27
	TOK_BOREQ  reduce 27
	TOK_BANDEQ  reduce 27
	TOK_BXOREQ  reduce 27
	TOK_LSHIFTEQ  reduce 27
	TOK_RSHIFTEQ  reduce 27
	TOK_ADDEQ  reduce 27
	TOK_MINUSEQ  reduce 27
	TOK_MULEQ  reduce 27
	TOK_DIVEQ  reduce 27
	TOK_MODEQ  reduce 27
	TOK_UpperIdent  reduce 27
	TOK_LowerIdent  reduce 27
	TOK_Integer  reduce 191
	TOK_Double  reduce 191
	TOK_Char  reduce 191
	TOK_String  reduce 191
	TOK_TyBool  reduce 27
	TOK_TyChar  reduce 27
	TOK_TyInt  reduce 27
	TOK_TyFloat  reduce 27
	TOK_TRUE  reduce 191
	TOK_FALSE  reduce 191
	TOK_THIS  reduce 191
	TOK_AS  reduce 27
	TOK_IF  reduce 27
	TOK_ELSE  reduce 27
	TOK_WHILE  reduce 27
	TOK_FOR  reduce 27
	TOK_BREAK  reduce 27
	TOK_CONTINUE  reduce 27
	TOK_LET  reduce 27
	TOK_MUT  reduce 27
	TOK_IN  reduce 27
	TOK_MATCH  reduce 27
	TOK_FUN  reduce 27
	TOK_RETURN  reduce 27
	TOK_INTERFACE  reduce 27
	TOK_IMPL  reduce 27
	TOK_EXTENDS  reduce 27
	TOK_TYPE  reduce 27


37: reduce/reduce conflict (reduce 28, reduce 192) on TOK_EQ
37: reduce/reduce conflict (reduce 28, reduce 192) on TOK_EQGT
37: reduce/reduce conflict (reduce 28, reduce 192) on TOK_MINUSGT
37: reduce/reduce conflict (reduce 28, reduce 192) on TOK_MINUS
37: reduce/reduce conflict (reduce 28, reduce 192) on TOK_BANG
37: reduce/reduce conflict (reduce 28, reduce 192) on TOK_LT
37: reduce/reduce conflict (reduce 28, reduce 192) on TOK_LTEQ
37: reduce/reduce conflict (reduce 28, reduce 192) on TOK_GT
37: reduce/reduce conflict (reduce 28, reduce 192) on TOK_GTEQ
37: reduce/reduce conflict (reduce 28, reduce 192) on TOK_EQEQ
37: reduce/reduce conflict (reduce 28, reduce 192) on TOK_BANGEQ
37: reduce/reduce conflict (reduce 28, reduce 192) on TOK_LOR
37: reduce/reduce conflict (reduce 28, reduce 192) on TOK_LAND
37: reduce/reduce conflict (reduce 28, reduce 192) on TOK_LXOR
37: reduce/reduce conflict (reduce 28, reduce 192) on TOK_BOR
37: reduce/reduce conflict (reduce 28, reduce 192) on TOK_BAND
37: reduce/reduce conflict (reduce 28, reduce 192) on TOK_BXOR
37: reduce/reduce conflict (reduce 28, reduce 192) on TOK_LSHIFT
37: reduce/reduce conflict (reduce 28, reduce 192) on TOK_RSHIFT
37: reduce/reduce conflict (reduce 28, reduce 192) on TOK_ADD
37: reduce/reduce conflict (reduce 28, reduce 192) on TOK_MUL
37: reduce/reduce conflict (reduce 28, reduce 192) on TOK_DIV
37: reduce/reduce conflict (reduce 28, reduce 192) on TOK_MOD
37: reduce/reduce conflict (reduce 28, reduce 192) on TOK_BOREQ
37: reduce/reduce conflict (reduce 28, reduce 192) on TOK_BANDEQ
37: reduce/reduce conflict (reduce 28, reduce 192) on TOK_BXOREQ
37: reduce/reduce conflict (reduce 28, reduce 192) on TOK_LSHIFTEQ
37: reduce/reduce conflict (reduce 28, reduce 192) on TOK_RSHIFTEQ
37: reduce/reduce conflict (reduce 28, reduce 192) on TOK_ADDEQ
37: reduce/reduce conflict (reduce 28, reduce 192) on TOK_MINUSEQ
37: reduce/reduce conflict (reduce 28, reduce 192) on TOK_MULEQ
37: reduce/reduce conflict (reduce 28, reduce 192) on TOK_DIVEQ
37: reduce/reduce conflict (reduce 28, reduce 192) on TOK_MODEQ
37: reduce/reduce conflict (reduce 28, reduce 192) on TOK_UpperIdent
37: reduce/reduce conflict (reduce 28, reduce 192) on TOK_LowerIdent
37: reduce/reduce conflict (reduce 28, reduce 192) on TOK_TyBool
37: reduce/reduce conflict (reduce 28, reduce 192) on TOK_TyChar
37: reduce/reduce conflict (reduce 28, reduce 192) on TOK_TyInt
37: reduce/reduce conflict (reduce 28, reduce 192) on TOK_TyFloat
37: reduce/reduce conflict (reduce 28, reduce 192) on TOK_MUT
state 37
	asgn_token : TOK_MULEQ .  (28)
	assignment_op : TOK_MULEQ .  (192)

	error  reduce 28
	TOK_LPAREN  reduce 192
	TOK_SEMICOLON  reduce 28
	TOK_EQ  reduce 28
	TOK_EQGT  reduce 28
	TOK_MINUSGT  reduce 28
	TOK_MINUS  reduce 28
	TOK_BANG  reduce 28
	TOK_LT  reduce 28
	TOK_LTEQ  reduce 28
	TOK_GT  reduce 28
	TOK_GTEQ  reduce 28
	TOK_EQEQ  reduce 28
	TOK_BANGEQ  reduce 28
	TOK_LOR  reduce 28
	TOK_LAND  reduce 28
	TOK_LXOR  reduce 28
	TOK_BOR  reduce 28
	TOK_BAND  reduce 28
	TOK_BXOR  reduce 28
	TOK_LSHIFT  reduce 28
	TOK_RSHIFT  reduce 28
	TOK_ADD  reduce 28
	TOK_MUL  reduce 28
	TOK_DIV  reduce 28
	TOK_MOD  reduce 28
	TOK_BOREQ  reduce 28
	TOK_BANDEQ  reduce 28
	TOK_BXOREQ  reduce 28
	TOK_LSHIFTEQ  reduce 28
	TOK_RSHIFTEQ  reduce 28
	TOK_ADDEQ  reduce 28
	TOK_MINUSEQ  reduce 28
	TOK_MULEQ  reduce 28
	TOK_DIVEQ  reduce 28
	TOK_MODEQ  reduce 28
	TOK_UpperIdent  reduce 28
	TOK_LowerIdent  reduce 28
	TOK_Integer  reduce 192
	TOK_Double  reduce 192
	TOK_Char  reduce 192
	TOK_String  reduce 192
	TOK_TyBool  reduce 28
	TOK_TyChar  reduce 28
	TOK_TyInt  reduce 28
	TOK_TyFloat  reduce 28
	TOK_TRUE  reduce 192
	TOK_FALSE  reduce 192
	TOK_THIS  reduce 192
	TOK_AS  reduce 28
	TOK_IF  reduce 28
	TOK_ELSE  reduce 28
	TOK_WHILE  reduce 28
	TOK_FOR  reduce 28
	TOK_BREAK  reduce 28
	TOK_CONTINUE  reduce 28
	TOK_LET  reduce 28
	TOK_MUT  reduce 28
	TOK_IN  reduce 28
	TOK_MATCH  reduce 28
	TOK_FUN  reduce 28
	TOK_RETURN  reduce 28
	TOK_INTERFACE  reduce 28
	TOK_IMPL  reduce 28
	TOK_EXTENDS  reduce 28
	TOK_TYPE  reduce 28


38: reduce/reduce conflict (reduce 29, reduce 193) on TOK_EQ
38: reduce/reduce conflict (reduce 29, reduce 193) on TOK_EQGT
38: reduce/reduce conflict (reduce 29, reduce 193) on TOK_MINUSGT
38: reduce/reduce conflict (reduce 29, reduce 193) on TOK_MINUS
38: reduce/reduce conflict (reduce 29, reduce 193) on TOK_BANG
38: reduce/reduce conflict (reduce 29, reduce 193) on TOK_LT
38: reduce/reduce conflict (reduce 29, reduce 193) on TOK_LTEQ
38: reduce/reduce conflict (reduce 29, reduce 193) on TOK_GT
38: reduce/reduce conflict (reduce 29, reduce 193) on TOK_GTEQ
38: reduce/reduce conflict (reduce 29, reduce 193) on TOK_EQEQ
38: reduce/reduce conflict (reduce 29, reduce 193) on TOK_BANGEQ
38: reduce/reduce conflict (reduce 29, reduce 193) on TOK_LOR
38: reduce/reduce conflict (reduce 29, reduce 193) on TOK_LAND
38: reduce/reduce conflict (reduce 29, reduce 193) on TOK_LXOR
38: reduce/reduce conflict (reduce 29, reduce 193) on TOK_BOR
38: reduce/reduce conflict (reduce 29, reduce 193) on TOK_BAND
38: reduce/reduce conflict (reduce 29, reduce 193) on TOK_BXOR
38: reduce/reduce conflict (reduce 29, reduce 193) on TOK_LSHIFT
38: reduce/reduce conflict (reduce 29, reduce 193) on TOK_RSHIFT
38: reduce/reduce conflict (reduce 29, reduce 193) on TOK_ADD
38: reduce/reduce conflict (reduce 29, reduce 193) on TOK_MUL
38: reduce/reduce conflict (reduce 29, reduce 193) on TOK_DIV
38: reduce/reduce conflict (reduce 29, reduce 193) on TOK_MOD
38: reduce/reduce conflict (reduce 29, reduce 193) on TOK_BOREQ
38: reduce/reduce conflict (reduce 29, reduce 193) on TOK_BANDEQ
38: reduce/reduce conflict (reduce 29, reduce 193) on TOK_BXOREQ
38: reduce/reduce conflict (reduce 29, reduce 193) on TOK_LSHIFTEQ
38: reduce/reduce conflict (reduce 29, reduce 193) on TOK_RSHIFTEQ
38: reduce/reduce conflict (reduce 29, reduce 193) on TOK_ADDEQ
38: reduce/reduce conflict (reduce 29, reduce 193) on TOK_MINUSEQ
38: reduce/reduce conflict (reduce 29, reduce 193) on TOK_MULEQ
38: reduce/reduce conflict (reduce 29, reduce 193) on TOK_DIVEQ
38: reduce/reduce conflict (reduce 29, reduce 193) on TOK_MODEQ
38: reduce/reduce conflict (reduce 29, reduce 193) on TOK_UpperIdent
38: reduce/reduce conflict (reduce 29, reduce 193) on TOK_LowerIdent
38: reduce/reduce conflict (reduce 29, reduce 193) on TOK_TyBool
38: reduce/reduce conflict (reduce 29, reduce 193) on TOK_TyChar
38: reduce/reduce conflict (reduce 29, reduce 193) on TOK_TyInt
38: reduce/reduce conflict (reduce 29, reduce 193) on TOK_TyFloat
38: reduce/reduce conflict (reduce 29, reduce 193) on TOK_MUT
state 38
	asgn_token : TOK_DIVEQ .  (29)
	assignment_op : TOK_DIVEQ .  (193)

	error  reduce 29
	TOK_LPAREN  reduce 193
	TOK_SEMICOLON  reduce 29
	TOK_EQ  reduce 29
	TOK_EQGT  reduce 29
	TOK_MINUSGT  reduce 29
	TOK_MINUS  reduce 29
	TOK_BANG  reduce 29
	TOK_LT  reduce 29
	TOK_LTEQ  reduce 29
	TOK_GT  reduce 29
	TOK_GTEQ  reduce 29
	TOK_EQEQ  reduce 29
	TOK_BANGEQ  reduce 29
	TOK_LOR  reduce 29
	TOK_LAND  reduce 29
	TOK_LXOR  reduce 29
	TOK_BOR  reduce 29
	TOK_BAND  reduce 29
	TOK_BXOR  reduce 29
	TOK_LSHIFT  reduce 29
	TOK_RSHIFT  reduce 29
	TOK_ADD  reduce 29
	TOK_MUL  reduce 29
	TOK_DIV  reduce 29
	TOK_MOD  reduce 29
	TOK_BOREQ  reduce 29
	TOK_BANDEQ  reduce 29
	TOK_BXOREQ  reduce 29
	TOK_LSHIFTEQ  reduce 29
	TOK_RSHIFTEQ  reduce 29
	TOK_ADDEQ  reduce 29
	TOK_MINUSEQ  reduce 29
	TOK_MULEQ  reduce 29
	TOK_DIVEQ  reduce 29
	TOK_MODEQ  reduce 29
	TOK_UpperIdent  reduce 29
	TOK_LowerIdent  reduce 29
	TOK_Integer  reduce 193
	TOK_Double  reduce 193
	TOK_Char  reduce 193
	TOK_String  reduce 193
	TOK_TyBool  reduce 29
	TOK_TyChar  reduce 29
	TOK_TyInt  reduce 29
	TOK_TyFloat  reduce 29
	TOK_TRUE  reduce 193
	TOK_FALSE  reduce 193
	TOK_THIS  reduce 193
	TOK_AS  reduce 29
	TOK_IF  reduce 29
	TOK_ELSE  reduce 29
	TOK_WHILE  reduce 29
	TOK_FOR  reduce 29
	TOK_BREAK  reduce 29
	TOK_CONTINUE  reduce 29
	TOK_LET  reduce 29
	TOK_MUT  reduce 29
	TOK_IN  reduce 29
	TOK_MATCH  reduce 29
	TOK_FUN  reduce 29
	TOK_RETURN  reduce 29
	TOK_INTERFACE  reduce 29
	TOK_IMPL  reduce 29
	TOK_EXTENDS  reduce 29
	TOK_TYPE  reduce 29


39: reduce/reduce conflict (reduce 30, reduce 194) on TOK_EQ
39: reduce/reduce conflict (reduce 30, reduce 194) on TOK_EQGT
39: reduce/reduce conflict (reduce 30, reduce 194) on TOK_MINUSGT
39: reduce/reduce conflict (reduce 30, reduce 194) on TOK_MINUS
39: reduce/reduce conflict (reduce 30, reduce 194) on TOK_BANG
39: reduce/reduce conflict (reduce 30, reduce 194) on TOK_LT
39: reduce/reduce conflict (reduce 30, reduce 194) on TOK_LTEQ
39: reduce/reduce conflict (reduce 30, reduce 194) on TOK_GT
39: reduce/reduce conflict (reduce 30, reduce 194) on TOK_GTEQ
39: reduce/reduce conflict (reduce 30, reduce 194) on TOK_EQEQ
39: reduce/reduce conflict (reduce 30, reduce 194) on TOK_BANGEQ
39: reduce/reduce conflict (reduce 30, reduce 194) on TOK_LOR
39: reduce/reduce conflict (reduce 30, reduce 194) on TOK_LAND
39: reduce/reduce conflict (reduce 30, reduce 194) on TOK_LXOR
39: reduce/reduce conflict (reduce 30, reduce 194) on TOK_BOR
39: reduce/reduce conflict (reduce 30, reduce 194) on TOK_BAND
39: reduce/reduce conflict (reduce 30, reduce 194) on TOK_BXOR
39: reduce/reduce conflict (reduce 30, reduce 194) on TOK_LSHIFT
39: reduce/reduce conflict (reduce 30, reduce 194) on TOK_RSHIFT
39: reduce/reduce conflict (reduce 30, reduce 194) on TOK_ADD
39: reduce/reduce conflict (reduce 30, reduce 194) on TOK_MUL
39: reduce/reduce conflict (reduce 30, reduce 194) on TOK_DIV
39: reduce/reduce conflict (reduce 30, reduce 194) on TOK_MOD
39: reduce/reduce conflict (reduce 30, reduce 194) on TOK_BOREQ
39: reduce/reduce conflict (reduce 30, reduce 194) on TOK_BANDEQ
39: reduce/reduce conflict (reduce 30, reduce 194) on TOK_BXOREQ
39: reduce/reduce conflict (reduce 30, reduce 194) on TOK_LSHIFTEQ
39: reduce/reduce conflict (reduce 30, reduce 194) on TOK_RSHIFTEQ
39: reduce/reduce conflict (reduce 30, reduce 194) on TOK_ADDEQ
39: reduce/reduce conflict (reduce 30, reduce 194) on TOK_MINUSEQ
39: reduce/reduce conflict (reduce 30, reduce 194) on TOK_MULEQ
39: reduce/reduce conflict (reduce 30, reduce 194) on TOK_DIVEQ
39: reduce/reduce conflict (reduce 30, reduce 194) on TOK_MODEQ
39: reduce/reduce conflict (reduce 30, reduce 194) on TOK_UpperIdent
39: reduce/reduce conflict (reduce 30, reduce 194) on TOK_LowerIdent
39: reduce/reduce conflict (reduce 30, reduce 194) on TOK_TyBool
39: reduce/reduce conflict (reduce 30, reduce 194) on TOK_TyChar
39: reduce/reduce conflict (reduce 30, reduce 194) on TOK_TyInt
39: reduce/reduce conflict (reduce 30, reduce 194) on TOK_TyFloat
39: reduce/reduce conflict (reduce 30, reduce 194) on TOK_MUT
state 39
	asgn_token : TOK_MODEQ .  (30)
	assignment_op : TOK_MODEQ .  (194)

	error  reduce 30
	TOK_LPAREN  reduce 194
	TOK_SEMICOLON  reduce 30
	TOK_EQ  reduce 30
	TOK_EQGT  reduce 30
	TOK_MINUSGT  reduce 30
	TOK_MINUS  reduce 30
	TOK_BANG  reduce 30
	TOK_LT  reduce 30
	TOK_LTEQ  reduce 30
	TOK_GT  reduce 30
	TOK_GTEQ  reduce 30
	TOK_EQEQ  reduce 30
	TOK_BANGEQ  reduce 30
	TOK_LOR  reduce 30
	TOK_LAND  reduce 30
	TOK_LXOR  reduce 30
	TOK_BOR  reduce 30
	TOK_BAND  reduce 30
	TOK_BXOR  reduce 30
	TOK_LSHIFT  reduce 30
	TOK_RSHIFT  reduce 30
	TOK_ADD  reduce 30
	TOK_MUL  reduce 30
	TOK_DIV  reduce 30
	TOK_MOD  reduce 30
	TOK_BOREQ  reduce 30
	TOK_BANDEQ  reduce 30
	TOK_BXOREQ  reduce 30
	TOK_LSHIFTEQ  reduce 30
	TOK_RSHIFTEQ  reduce 30
	TOK_ADDEQ  reduce 30
	TOK_MINUSEQ  reduce 30
	TOK_MULEQ  reduce 30
	TOK_DIVEQ  reduce 30
	TOK_MODEQ  reduce 30
	TOK_UpperIdent  reduce 30
	TOK_LowerIdent  reduce 30
	TOK_Integer  reduce 194
	TOK_Double  reduce 194
	TOK_Char  reduce 194
	TOK_String  reduce 194
	TOK_TyBool  reduce 30
	TOK_TyChar  reduce 30
	TOK_TyInt  reduce 30
	TOK_TyFloat  reduce 30
	TOK_TRUE  reduce 194
	TOK_FALSE  reduce 194
	TOK_THIS  reduce 194
	TOK_AS  reduce 30
	TOK_IF  reduce 30
	TOK_ELSE  reduce 30
	TOK_WHILE  reduce 30
	TOK_FOR  reduce 30
	TOK_BREAK  reduce 30
	TOK_CONTINUE  reduce 30
	TOK_LET  reduce 30
	TOK_MUT  reduce 30
	TOK_IN  reduce 30
	TOK_MATCH  reduce 30
	TOK_FUN  reduce 30
	TOK_RETURN  reduce 30
	TOK_INTERFACE  reduce 30
	TOK_IMPL  reduce 30
	TOK_EXTENDS  reduce 30
	TOK_TYPE  reduce 30


state 40
	small_expr : TOK_UpperIdent . TOK_LBRACE struct_expr_fields TOK_RBRACE  (269)
	small_expr : TOK_UpperIdent . TOK_LBRACE error  (270)
	atom_expr : TOK_UpperIdent .  (275)
	atom_expr : TOK_UpperIdent . TOK_LPAREN expr_list TOK_RPAREN  (276)
	atom_expr : TOK_UpperIdent . TOK_LPAREN error  (283)

	TOK_LPAREN  shift 105
	TOK_LBRACE  shift 106
	error  reduce 275
	TOK_RPAREN  reduce 275
	TOK_RBRACE  reduce 275
	TOK_COMMA  reduce 275
	TOK_SEMICOLON  reduce 275
	TOK_EQ  reduce 275
	TOK_EQGT  reduce 275
	TOK_MINUSGT  reduce 275
	TOK_DOT  reduce 275
	TOK_MINUS  reduce 275
	TOK_BANG  reduce 275
	TOK_LT  reduce 275
	TOK_LTEQ  reduce 275
	TOK_GT  reduce 275
	TOK_GTEQ  reduce 275
	TOK_EQEQ  reduce 275
	TOK_BANGEQ  reduce 275
	TOK_LOR  reduce 275
	TOK_LAND  reduce 275
	TOK_LXOR  reduce 275
	TOK_BOR  reduce 275
	TOK_BAND  reduce 275
	TOK_BXOR  reduce 275
	TOK_LSHIFT  reduce 275
	TOK_RSHIFT  reduce 275
	TOK_ADD  reduce 275
	TOK_MUL  reduce 275
	TOK_DIV  reduce 275
	TOK_MOD  reduce 275
	TOK_BOREQ  reduce 275
	TOK_BANDEQ  reduce 275
	TOK_BXOREQ  reduce 275
	TOK_LSHIFTEQ  reduce 275
	TOK_RSHIFTEQ  reduce 275
	TOK_ADDEQ  reduce 275
	TOK_MINUSEQ  reduce 275
	TOK_MULEQ  reduce 275
	TOK_DIVEQ  reduce 275
	TOK_MODEQ  reduce 275
	TOK_UpperIdent  reduce 275
	TOK_LowerIdent  reduce 275
	TOK_TyBool  reduce 275
	TOK_TyChar  reduce 275
	TOK_TyInt  reduce 275
	TOK_TyFloat  reduce 275
	TOK_AS  reduce 275
	TOK_IF  reduce 275
	TOK_ELSE  reduce 275
	TOK_WHILE  reduce 275
	TOK_FOR  reduce 275
	TOK_BREAK  reduce 275
	TOK_CONTINUE  reduce 275
	TOK_LET  reduce 275
	TOK_MUT  reduce 275
	TOK_IN  reduce 275
	TOK_MATCH  reduce 275
	TOK_FUN  reduce 275
	TOK_RETURN  reduce 275
	TOK_INTERFACE  reduce 275
	TOK_IMPL  reduce 275
	TOK_EXTENDS  reduce 275
	TOK_TYPE  reduce 275


41: reduce/reduce conflict (reduce 183, reduce 272) on TOK_EQ
41: reduce/reduce conflict (reduce 183, reduce 272) on TOK_BOREQ
41: reduce/reduce conflict (reduce 183, reduce 272) on TOK_BANDEQ
41: reduce/reduce conflict (reduce 183, reduce 272) on TOK_BXOREQ
41: reduce/reduce conflict (reduce 183, reduce 272) on TOK_LSHIFTEQ
41: reduce/reduce conflict (reduce 183, reduce 272) on TOK_RSHIFTEQ
41: reduce/reduce conflict (reduce 183, reduce 272) on TOK_ADDEQ
41: reduce/reduce conflict (reduce 183, reduce 272) on TOK_MINUSEQ
41: reduce/reduce conflict (reduce 183, reduce 272) on TOK_MULEQ
41: reduce/reduce conflict (reduce 183, reduce 272) on TOK_DIVEQ
41: reduce/reduce conflict (reduce 183, reduce 272) on TOK_MODEQ
state 41
	lvalue : TOK_LowerIdent .  (183)
	atom_expr : TOK_LowerIdent .  (272)
	atom_expr : TOK_LowerIdent . TOK_LPAREN expr_list TOK_RPAREN  (277)
	atom_expr : TOK_LowerIdent . TOK_LPAREN error  (284)

	TOK_LPAREN  shift 107
	error  reduce 272
	TOK_SEMICOLON  reduce 272
	TOK_EQ  reduce 183
	TOK_EQGT  reduce 272
	TOK_MINUSGT  reduce 272
	TOK_DOT  reduce 272
	TOK_MINUS  reduce 272
	TOK_BANG  reduce 272
	TOK_LT  reduce 272
	TOK_LTEQ  reduce 272
	TOK_GT  reduce 272
	TOK_GTEQ  reduce 272
	TOK_EQEQ  reduce 272
	TOK_BANGEQ  reduce 272
	TOK_LOR  reduce 272
	TOK_LAND  reduce 272
	TOK_LXOR  reduce 272
	TOK_BOR  reduce 272
	TOK_BAND  reduce 272
	TOK_BXOR  reduce 272
	TOK_LSHIFT  reduce 272
	TOK_RSHIFT  reduce 272
	TOK_ADD  reduce 272
	TOK_MUL  reduce 272
	TOK_DIV  reduce 272
	TOK_MOD  reduce 272
	TOK_BOREQ  reduce 183
	TOK_BANDEQ  reduce 183
	TOK_BXOREQ  reduce 183
	TOK_LSHIFTEQ  reduce 183
	TOK_RSHIFTEQ  reduce 183
	TOK_ADDEQ  reduce 183
	TOK_MINUSEQ  reduce 183
	TOK_MULEQ  reduce 183
	TOK_DIVEQ  reduce 183
	TOK_MODEQ  reduce 183
	TOK_UpperIdent  reduce 272
	TOK_LowerIdent  reduce 272
	TOK_TyBool  reduce 272
	TOK_TyChar  reduce 272
	TOK_TyInt  reduce 272
	TOK_TyFloat  reduce 272
	TOK_AS  reduce 272
	TOK_IF  reduce 272
	TOK_ELSE  reduce 272
	TOK_WHILE  reduce 272
	TOK_FOR  reduce 272
	TOK_BREAK  reduce 272
	TOK_CONTINUE  reduce 272
	TOK_LET  reduce 272
	TOK_MUT  reduce 272
	TOK_IN  reduce 272
	TOK_MATCH  reduce 272
	TOK_FUN  reduce 272
	TOK_RETURN  reduce 272
	TOK_INTERFACE  reduce 272
	TOK_IMPL  reduce 272
	TOK_EXTENDS  reduce 272
	TOK_TYPE  reduce 272


state 42
	literal : TOK_Integer .  (202)

	.  reduce 202


state 43
	literal : TOK_Double .  (203)

	.  reduce 203


state 44
	literal : TOK_Char .  (204)

	.  reduce 204


state 45
	literal : TOK_String .  (205)

	.  reduce 205


state 46
	type_token : TOK_TyBool .  (51)

	.  reduce 51


state 47
	type_token : TOK_TyChar .  (52)

	.  reduce 52


state 48
	type_token : TOK_TyInt .  (53)

	.  reduce 53


state 49
	type_token : TOK_TyFloat .  (54)

	.  reduce 54


state 50
	literal : TOK_TRUE .  (200)

	.  reduce 200


state 51
	literal : TOK_FALSE .  (201)

	.  reduce 201


state 52
	atom_expr : TOK_THIS .  (273)

	.  reduce 273


state 53
	stmt : TOK_IF . TOK_LPAREN expr TOK_RPAREN stmt  (153)
	stmt : TOK_IF . TOK_LPAREN expr TOK_RPAREN stmt TOK_ELSE stmt  (154)
	stmt : TOK_IF . TOK_LPAREN TOK_RPAREN stmt  (165)
	stmt : TOK_IF . expr TOK_RPAREN  (171)
	stmt : TOK_IF . TOK_LPAREN error  (174)

	TOK_LPAREN  shift 108
	TOK_EQ  shift 84
	TOK_EQGT  shift 8
	TOK_MINUSGT  shift 9
	TOK_MINUS  shift 10
	TOK_BANG  shift 11
	TOK_LT  shift 12
	TOK_LTEQ  shift 13
	TOK_GT  shift 14
	TOK_GTEQ  shift 15
	TOK_EQEQ  shift 16
	TOK_BANGEQ  shift 17
	TOK_LOR  shift 18
	TOK_LAND  shift 19
	TOK_LXOR  shift 20
	TOK_BOR  shift 21
	TOK_BAND  shift 22
	TOK_BXOR  shift 23
	TOK_LSHIFT  shift 24
	TOK_RSHIFT  shift 25
	TOK_ADD  shift 26
	TOK_MUL  shift 27
	TOK_DIV  shift 28
	TOK_MOD  shift 29
	TOK_BOREQ  shift 85
	TOK_BANDEQ  shift 86
	TOK_BXOREQ  shift 87
	TOK_LSHIFTEQ  shift 88
	TOK_RSHIFTEQ  shift 89
	TOK_ADDEQ  shift 90
	TOK_MINUSEQ  shift 91
	TOK_MULEQ  shift 92
	TOK_DIVEQ  shift 93
	TOK_MODEQ  shift 94
	TOK_UpperIdent  shift 40
	TOK_LowerIdent  shift 95
	TOK_Integer  shift 42
	TOK_Double  shift 43
	TOK_Char  shift 44
	TOK_String  shift 45
	TOK_TyBool  shift 46
	TOK_TyChar  shift 47
	TOK_TyInt  shift 48
	TOK_TyFloat  shift 49
	TOK_TRUE  shift 50
	TOK_FALSE  shift 51
	TOK_THIS  shift 52
	TOK_MUT  shift 60
	.  error

	bi_op_token  goto 68
	asgn_token  goto 69
	arrow_token  goto 70
	type_token  goto 71
	expr  goto 109
	literal  goto 79
	small_expr  goto 80
	atom_expr  goto 81


state 54
	stmt : TOK_ELSE . error  (164)
	stmt : TOK_ELSE . TOK_LPAREN TOK_RPAREN stmt  (166)

	error  shift 110
	TOK_LPAREN  shift 111
	.  error


state 55
	stmt : TOK_WHILE . TOK_LPAREN expr TOK_RPAREN stmt  (156)
	stmt : TOK_WHILE . TOK_LPAREN TOK_RPAREN stmt  (167)
	stmt : TOK_WHILE . expr TOK_RPAREN  (172)
	stmt : TOK_WHILE . TOK_LPAREN error  (175)

	TOK_LPAREN  shift 112
	TOK_EQ  shift 84
	TOK_EQGT  shift 8
	TOK_MINUSGT  shift 9
	TOK_MINUS  shift 10
	TOK_BANG  shift 11
	TOK_LT  shift 12
	TOK_LTEQ  shift 13
	TOK_GT  shift 14
	TOK_GTEQ  shift 15
	TOK_EQEQ  shift 16
	TOK_BANGEQ  shift 17
	TOK_LOR  shift 18
	TOK_LAND  shift 19
	TOK_LXOR  shift 20
	TOK_BOR  shift 21
	TOK_BAND  shift 22
	TOK_BXOR  shift 23
	TOK_LSHIFT  shift 24
	TOK_RSHIFT  shift 25
	TOK_ADD  shift 26
	TOK_MUL  shift 27
	TOK_DIV  shift 28
	TOK_MOD  shift 29
	TOK_BOREQ  shift 85
	TOK_BANDEQ  shift 86
	TOK_BXOREQ  shift 87
	TOK_LSHIFTEQ  shift 88
	TOK_RSHIFTEQ  shift 89
	TOK_ADDEQ  shift 90
	TOK_MINUSEQ  shift 91
	TOK_MULEQ  shift 92
	TOK_DIVEQ  shift 93
	TOK_MODEQ  shift 94
	TOK_UpperIdent  shift 40
	TOK_LowerIdent  shift 95
	TOK_Integer  shift 42
	TOK_Double  shift 43
	TOK_Char  shift 44
	TOK_String  shift 45
	TOK_TyBool  shift 46
	TOK_TyChar  shift 47
	TOK_TyInt  shift 48
	TOK_TyFloat  shift 49
	TOK_TRUE  shift 50
	TOK_FALSE  shift 51
	TOK_THIS  shift 52
	TOK_MUT  shift 60
	.  error

	bi_op_token  goto 68
	asgn_token  goto 69
	arrow_token  goto 70
	type_token  goto 71
	expr  goto 113
	literal  goto 79
	small_expr  goto 80
	atom_expr  goto 81


state 56
	stmt : TOK_FOR . TOK_LPAREN pattern TOK_IN expr TOK_RPAREN stmt  (155)
	stmt : TOK_FOR . TOK_LPAREN pattern expr TOK_RPAREN stmt  (178)
	stmt : TOK_FOR . TOK_LPAREN pattern TOK_IN TOK_RPAREN stmt  (179)

	TOK_LPAREN  shift 114
	.  error


state 57
	stmt : TOK_BREAK . TOK_SEMICOLON  (147)
	stmt : TOK_BREAK . error  (159)

	error  shift 115
	TOK_SEMICOLON  shift 116
	.  error


state 58
	stmt : TOK_CONTINUE . TOK_SEMICOLON  (148)
	stmt : TOK_CONTINUE . error  (160)

	error  shift 117
	TOK_SEMICOLON  shift 118
	.  error


state 59
	top_clause : TOK_LET . variable_pattern TOK_EQ expr TOK_SEMICOLON  (93)
	top_clause : TOK_LET . variable_pattern TOK_SEMICOLON  (94)
	top_clause : TOK_LET . variable_pattern TOK_EQ expr error  (95)
	stmt : TOK_LET . pattern TOK_EQ expr TOK_SEMICOLON  (150)
	stmt : TOK_LET . pattern TOK_SEMICOLON  (151)
	stmt : TOK_LET . pattern TOK_EQ expr error  (162)
	stmt : TOK_LET . pattern expr TOK_SEMICOLON  (180)
	stmt : TOK_LET . pattern TOK_EQ TOK_SEMICOLON  (181)

	error  shift 119
	TOK_LPAREN  shift 120
	TOK_UNDERSCORE  shift 121
	TOK_UpperIdent  shift 122
	TOK_LowerIdent  shift 123
	TOK_Integer  shift 42
	TOK_Double  shift 43
	TOK_Char  shift 44
	TOK_String  shift 45
	TOK_TRUE  shift 50
	TOK_FALSE  shift 51
	TOK_MUT  shift 124
	.  error

	variable_pattern  goto 125
	pattern  goto 126
	literal  goto 127


state 60
	small_expr : TOK_MUT . atom_expr  (264)

	TOK_LPAREN  shift 5
	TOK_UpperIdent  shift 102
	TOK_LowerIdent  shift 95
	TOK_Integer  shift 42
	TOK_Double  shift 43
	TOK_Char  shift 44
	TOK_String  shift 45
	TOK_TRUE  shift 50
	TOK_FALSE  shift 51
	TOK_THIS  shift 52
	.  error

	literal  goto 79
	atom_expr  goto 128


state 61
	stmt : TOK_MATCH . TOK_LPAREN expr TOK_RPAREN TOK_LBRACE match_branches TOK_RBRACE  (157)
	stmt : TOK_MATCH . TOK_LPAREN TOK_RPAREN stmt  (168)
	stmt : TOK_MATCH . expr TOK_RPAREN  (173)
	stmt : TOK_MATCH . TOK_LPAREN error  (176)

	TOK_LPAREN  shift 129
	TOK_EQ  shift 84
	TOK_EQGT  shift 8
	TOK_MINUSGT  shift 9
	TOK_MINUS  shift 10
	TOK_BANG  shift 11
	TOK_LT  shift 12
	TOK_LTEQ  shift 13
	TOK_GT  shift 14
	TOK_GTEQ  shift 15
	TOK_EQEQ  shift 16
	TOK_BANGEQ  shift 17
	TOK_LOR  shift 18
	TOK_LAND  shift 19
	TOK_LXOR  shift 20
	TOK_BOR  shift 21
	TOK_BAND  shift 22
	TOK_BXOR  shift 23
	TOK_LSHIFT  shift 24
	TOK_RSHIFT  shift 25
	TOK_ADD  shift 26
	TOK_MUL  shift 27
	TOK_DIV  shift 28
	TOK_MOD  shift 29
	TOK_BOREQ  shift 85
	TOK_BANDEQ  shift 86
	TOK_BXOREQ  shift 87
	TOK_LSHIFTEQ  shift 88
	TOK_RSHIFTEQ  shift 89
	TOK_ADDEQ  shift 90
	TOK_MINUSEQ  shift 91
	TOK_MULEQ  shift 92
	TOK_DIVEQ  shift 93
	TOK_MODEQ  shift 94
	TOK_UpperIdent  shift 40
	TOK_LowerIdent  shift 95
	TOK_Integer  shift 42
	TOK_Double  shift 43
	TOK_Char  shift 44
	TOK_String  shift 45
	TOK_TyBool  shift 46
	TOK_TyChar  shift 47
	TOK_TyInt  shift 48
	TOK_TyFloat  shift 49
	TOK_TRUE  shift 50
	TOK_FALSE  shift 51
	TOK_THIS  shift 52
	TOK_MUT  shift 60
	.  error

	bi_op_token  goto 68
	asgn_token  goto 69
	arrow_token  goto 70
	type_token  goto 71
	expr  goto 130
	literal  goto 79
	small_expr  goto 80
	atom_expr  goto 81


state 62
	function_decl : TOK_FUN . TOK_LowerIdent TOK_LPAREN function_decl_args TOK_RPAREN function_decl_ret  (118)

	TOK_LowerIdent  shift 131
	.  error


state 63
	stmt : TOK_RETURN . expr TOK_SEMICOLON  (146)
	stmt : TOK_RETURN . expr error  (158)

	TOK_LPAREN  shift 5
	TOK_EQ  shift 84
	TOK_EQGT  shift 8
	TOK_MINUSGT  shift 9
	TOK_MINUS  shift 10
	TOK_BANG  shift 11
	TOK_LT  shift 12
	TOK_LTEQ  shift 13
	TOK_GT  shift 14
	TOK_GTEQ  shift 15
	TOK_EQEQ  shift 16
	TOK_BANGEQ  shift 17
	TOK_LOR  shift 18
	TOK_LAND  shift 19
	TOK_LXOR  shift 20
	TOK_BOR  shift 21
	TOK_BAND  shift 22
	TOK_BXOR  shift 23
	TOK_LSHIFT  shift 24
	TOK_RSHIFT  shift 25
	TOK_ADD  shift 26
	TOK_MUL  shift 27
	TOK_DIV  shift 28
	TOK_MOD  shift 29
	TOK_BOREQ  shift 85
	TOK_BANDEQ  shift 86
	TOK_BXOREQ  shift 87
	TOK_LSHIFTEQ  shift 88
	TOK_RSHIFTEQ  shift 89
	TOK_ADDEQ  shift 90
	TOK_MINUSEQ  shift 91
	TOK_MULEQ  shift 92
	TOK_DIVEQ  shift 93
	TOK_MODEQ  shift 94
	TOK_UpperIdent  shift 40
	TOK_LowerIdent  shift 95
	TOK_Integer  shift 42
	TOK_Double  shift 43
	TOK_Char  shift 44
	TOK_String  shift 45
	TOK_TyBool  shift 46
	TOK_TyChar  shift 47
	TOK_TyInt  shift 48
	TOK_TyFloat  shift 49
	TOK_TRUE  shift 50
	TOK_FALSE  shift 51
	TOK_THIS  shift 52
	TOK_MUT  shift 60
	.  error

	bi_op_token  goto 68
	asgn_token  goto 69
	arrow_token  goto 70
	type_token  goto 71
	expr  goto 132
	literal  goto 79
	small_expr  goto 80
	atom_expr  goto 81


state 64
	top_clause : TOK_INTERFACE . TOK_UpperIdent TOK_LBRACE function_decls TOK_RBRACE  (87)
	top_clause : TOK_INTERFACE . TOK_UpperIdent TOK_EXTENDS interface_name_list_nonempty TOK_LBRACE function_decls TOK_RBRACE  (88)

	TOK_UpperIdent  shift 133
	.  error


state 65
	top_clause : TOK_IMPL . TOK_UpperIdent TOK_LBRACE function_impls TOK_RBRACE  (89)
	top_clause : TOK_IMPL . TOK_UpperIdent TOK_FOR TOK_UpperIdent TOK_LBRACE function_impls TOK_RBRACE  (90)

	TOK_UpperIdent  shift 134
	.  error


state 66
	top_clause : TOK_TYPE . TOK_UpperIdent TOK_LBRACE struct_fields TOK_RBRACE  (85)
	top_clause : TOK_TYPE . TOK_UpperIdent TOK_LBRACK adt_branches TOK_RBRACK  (86)

	TOK_UpperIdent  shift 135
	.  error


state 67
	%entry% : '\001' program .  (296)

	.  reduce 296


state 68
	small_expr : bi_op_token .  (265)

	.  reduce 265


state 69
	small_expr : asgn_token .  (266)

	.  reduce 266


state 70
	small_expr : arrow_token .  (268)

	.  reduce 268


state 71
	small_expr : type_token .  (267)

	.  reduce 267


state 72
	program : top_clause . program  (84)

	error  shift 3
	TOK_EOF  shift 4
	TOK_LPAREN  shift 5
	TOK_LBRACE  shift 6
	TOK_EQ  shift 7
	TOK_EQGT  shift 8
	TOK_MINUSGT  shift 9
	TOK_MINUS  shift 10
	TOK_BANG  shift 11
	TOK_LT  shift 12
	TOK_LTEQ  shift 13
	TOK_GT  shift 14
	TOK_GTEQ  shift 15
	TOK_EQEQ  shift 16
	TOK_BANGEQ  shift 17
	TOK_LOR  shift 18
	TOK_LAND  shift 19
	TOK_LXOR  shift 20
	TOK_BOR  shift 21
	TOK_BAND  shift 22
	TOK_BXOR  shift 23
	TOK_LSHIFT  shift 24
	TOK_RSHIFT  shift 25
	TOK_ADD  shift 26
	TOK_MUL  shift 27
	TOK_DIV  shift 28
	TOK_MOD  shift 29
	TOK_BOREQ  shift 30
	TOK_BANDEQ  shift 31
	TOK_BXOREQ  shift 32
	TOK_LSHIFTEQ  shift 33
	TOK_RSHIFTEQ  shift 34
	TOK_ADDEQ  shift 35
	TOK_MINUSEQ  shift 36
	TOK_MULEQ  shift 37
	TOK_DIVEQ  shift 38
	TOK_MODEQ  shift 39
	TOK_UpperIdent  shift 40
	TOK_LowerIdent  shift 41
	TOK_Integer  shift 42
	TOK_Double  shift 43
	TOK_Char  shift 44
	TOK_String  shift 45
	TOK_TyBool  shift 46
	TOK_TyChar  shift 47
	TOK_TyInt  shift 48
	TOK_TyFloat  shift 49
	TOK_TRUE  shift 50
	TOK_FALSE  shift 51
	TOK_THIS  shift 52
	TOK_IF  shift 53
	TOK_ELSE  shift 54
	TOK_WHILE  shift 55
	TOK_FOR  shift 56
	TOK_BREAK  shift 57
	TOK_CONTINUE  shift 58
	TOK_LET  shift 59
	TOK_MUT  shift 60
	TOK_MATCH  shift 61
	TOK_FUN  shift 62
	TOK_RETURN  shift 63
	TOK_INTERFACE  shift 64
	TOK_IMPL  shift 65
	TOK_TYPE  shift 66
	.  error

	program  goto 136
	bi_op_token  goto 68
	asgn_token  goto 69
	arrow_token  goto 70
	type_token  goto 71
	top_clause  goto 72
	function_impl  goto 73
	expr  goto 74
	stmt  goto 75
	function_decl  goto 76
	lvalue  goto 77
	assignment_op  goto 78
	literal  goto 79
	small_expr  goto 80
	atom_expr  goto 81


state 73
	top_clause : function_impl .  (91)
	top_clause : function_impl . TOK_SEMICOLON  (92)

	TOK_SEMICOLON  shift 137
	error  reduce 91
	TOK_EOF  reduce 91
	TOK_LPAREN  reduce 91
	TOK_LBRACE  reduce 91
	TOK_EQ  reduce 91
	TOK_EQGT  reduce 91
	TOK_MINUSGT  reduce 91
	TOK_MINUS  reduce 91
	TOK_BANG  reduce 91
	TOK_LT  reduce 91
	TOK_LTEQ  reduce 91
	TOK_GT  reduce 91
	TOK_GTEQ  reduce 91
	TOK_EQEQ  reduce 91
	TOK_BANGEQ  reduce 91
	TOK_LOR  reduce 91
	TOK_LAND  reduce 91
	TOK_LXOR  reduce 91
	TOK_BOR  reduce 91
	TOK_BAND  reduce 91
	TOK_BXOR  reduce 91
	TOK_LSHIFT  reduce 91
	TOK_RSHIFT  reduce 91
	TOK_ADD  reduce 91
	TOK_MUL  reduce 91
	TOK_DIV  reduce 91
	TOK_MOD  reduce 91
	TOK_BOREQ  reduce 91
	TOK_BANDEQ  reduce 91
	TOK_BXOREQ  reduce 91
	TOK_LSHIFTEQ  reduce 91
	TOK_RSHIFTEQ  reduce 91
	TOK_ADDEQ  reduce 91
	TOK_MINUSEQ  reduce 91
	TOK_MULEQ  reduce 91
	TOK_DIVEQ  reduce 91
	TOK_MODEQ  reduce 91
	TOK_UpperIdent  reduce 91
	TOK_LowerIdent  reduce 91
	TOK_Integer  reduce 91
	TOK_Double  reduce 91
	TOK_Char  reduce 91
	TOK_String  reduce 91
	TOK_TyBool  reduce 91
	TOK_TyChar  reduce 91
	TOK_TyInt  reduce 91
	TOK_TyFloat  reduce 91
	TOK_TRUE  reduce 91
	TOK_FALSE  reduce 91
	TOK_THIS  reduce 91
	TOK_IF  reduce 91
	TOK_ELSE  reduce 91
	TOK_WHILE  reduce 91
	TOK_FOR  reduce 91
	TOK_BREAK  reduce 91
	TOK_CONTINUE  reduce 91
	TOK_LET  reduce 91
	TOK_MUT  reduce 91
	TOK_MATCH  reduce 91
	TOK_FUN  reduce 91
	TOK_RETURN  reduce 91
	TOK_INTERFACE  reduce 91
	TOK_IMPL  reduce 91
	TOK_TYPE  reduce 91


state 74
	stmt : expr . TOK_SEMICOLON  (145)
	stmt : expr . error  (163)
	stmt : expr . assignment_op expr TOK_SEMICOLON  (170)

	error  shift 138
	TOK_SEMICOLON  shift 139
	TOK_EQ  shift 140
	TOK_BOREQ  shift 141
	TOK_BANDEQ  shift 142
	TOK_BXOREQ  shift 143
	TOK_LSHIFTEQ  shift 144
	TOK_RSHIFTEQ  shift 145
	TOK_ADDEQ  shift 146
	TOK_MINUSEQ  shift 147
	TOK_MULEQ  shift 148
	TOK_DIVEQ  shift 149
	TOK_MODEQ  shift 150
	.  error

	assignment_op  goto 151


state 75
	top_clause : stmt . TOK_SEMICOLON  (96)

	TOK_SEMICOLON  shift 152
	.  error


state 76
	function_impl : function_decl . TOK_LBRACE stmt_list TOK_RBRACE  (130)

	TOK_LBRACE  shift 153
	.  error


state 77
	stmt : lvalue . assignment_op expr TOK_SEMICOLON  (149)
	stmt : lvalue . assignment_op expr error  (161)

	TOK_EQ  shift 140
	TOK_BOREQ  shift 141
	TOK_BANDEQ  shift 142
	TOK_BXOREQ  shift 143
	TOK_LSHIFTEQ  shift 144
	TOK_RSHIFTEQ  shift 145
	TOK_ADDEQ  shift 146
	TOK_MINUSEQ  shift 147
	TOK_MULEQ  shift 148
	TOK_DIVEQ  shift 149
	TOK_MODEQ  shift 150
	.  error

	assignment_op  goto 154


state 78
	stmt : assignment_op . expr TOK_SEMICOLON  (169)

	TOK_LPAREN  shift 5
	TOK_EQ  shift 84
	TOK_EQGT  shift 8
	TOK_MINUSGT  shift 9
	TOK_MINUS  shift 10
	TOK_BANG  shift 11
	TOK_LT  shift 12
	TOK_LTEQ  shift 13
	TOK_GT  shift 14
	TOK_GTEQ  shift 15
	TOK_EQEQ  shift 16
	TOK_BANGEQ  shift 17
	TOK_LOR  shift 18
	TOK_LAND  shift 19
	TOK_LXOR  shift 20
	TOK_BOR  shift 21
	TOK_BAND  shift 22
	TOK_BXOR  shift 23
	TOK_LSHIFT  shift 24
	TOK_RSHIFT  shift 25
	TOK_ADD  shift 26
	TOK_MUL  shift 27
	TOK_DIV  shift 28
	TOK_MOD  shift 29
	TOK_BOREQ  shift 85
	TOK_BANDEQ  shift 86
	TOK_BXOREQ  shift 87
	TOK_LSHIFTEQ  shift 88
	TOK_RSHIFTEQ  shift 89
	TOK_ADDEQ  shift 90
	TOK_MINUSEQ  shift 91
	TOK_MULEQ  shift 92
	TOK_DIVEQ  shift 93
	TOK_MODEQ  shift 94
	TOK_UpperIdent  shift 40
	TOK_LowerIdent  shift 95
	TOK_Integer  shift 42
	TOK_Double  shift 43
	TOK_Char  shift 44
	TOK_String  shift 45
	TOK_TyBool  shift 46
	TOK_TyChar  shift 47
	TOK_TyInt  shift 48
	TOK_TyFloat  shift 49
	TOK_TRUE  shift 50
	TOK_FALSE  shift 51
	TOK_THIS  shift 52
	TOK_MUT  shift 60
	.  error

	bi_op_token  goto 68
	asgn_token  goto 69
	arrow_token  goto 70
	type_token  goto 71
	expr  goto 155
	literal  goto 79
	small_expr  goto 80
	atom_expr  goto 81


state 79
	atom_expr : literal .  (271)

	.  reduce 271


80: shift/reduce conflict (shift 156, reduce 234) on error
state 80
	expr : small_expr .  (234)
	expr : small_expr . TOK_LT expr  (235)
	expr : small_expr . TOK_LTEQ expr  (236)
	expr : small_expr . TOK_GT expr  (237)
	expr : small_expr . TOK_GTEQ expr  (238)
	expr : small_expr . TOK_EQEQ expr  (239)
	expr : small_expr . TOK_BANGEQ expr  (240)
	expr : small_expr . TOK_LOR expr  (241)
	expr : small_expr . TOK_LAND expr  (242)
	expr : small_expr . TOK_LXOR expr  (243)
	expr : small_expr . TOK_BOR expr  (244)
	expr : small_expr . TOK_BAND expr  (245)
	expr : small_expr . TOK_BXOR expr  (246)
	expr : small_expr . TOK_LSHIFT expr  (247)
	expr : small_expr . TOK_RSHIFT expr  (248)
	expr : small_expr . TOK_ADD expr  (249)
	expr : small_expr . TOK_MINUS expr  (250)
	expr : small_expr . TOK_MUL expr  (251)
	expr : small_expr . TOK_DIV expr  (252)
	expr : small_expr . TOK_MOD expr  (253)
	expr : small_expr . arrow_token  (254)
	expr : small_expr . keyword_token  (255)
	expr : small_expr . TOK_LowerIdent  (256)
	expr : small_expr . TOK_UpperIdent  (257)
	expr : small_expr . type_token  (258)
	expr : small_expr . TOK_BANG  (259)
	expr : small_expr . error  (260)

	error  shift 156
	TOK_EQGT  shift 8
	TOK_MINUSGT  shift 9
	TOK_MINUS  shift 157
	TOK_BANG  shift 158
	TOK_LT  shift 159
	TOK_LTEQ  shift 160
	TOK_GT  shift 161
	TOK_GTEQ  shift 162
	TOK_EQEQ  shift 163
	TOK_BANGEQ  shift 164
	TOK_LOR  shift 165
	TOK_LAND  shift 166
	TOK_LXOR  shift 167
	TOK_BOR  shift 168
	TOK_BAND  shift 169
	TOK_BXOR  shift 170
	TOK_LSHIFT  shift 171
	TOK_RSHIFT  shift 172
	TOK_ADD  shift 173
	TOK_MUL  shift 174
	TOK_DIV  shift 175
	TOK_MOD  shift 176
	TOK_UpperIdent  shift 177
	TOK_LowerIdent  shift 178
	TOK_TyBool  shift 46
	TOK_TyChar  shift 47
	TOK_TyInt  shift 48
	TOK_TyFloat  shift 49
	TOK_AS  shift 179
	TOK_IF  shift 180
	TOK_ELSE  shift 181
	TOK_WHILE  shift 182
	TOK_FOR  shift 183
	TOK_BREAK  shift 184
	TOK_CONTINUE  shift 185
	TOK_LET  shift 186
	TOK_MUT  shift 187
	TOK_IN  shift 188
	TOK_MATCH  shift 189
	TOK_FUN  shift 190
	TOK_RETURN  shift 191
	TOK_INTERFACE  shift 192
	TOK_IMPL  shift 193
	TOK_EXTENDS  shift 194
	TOK_TYPE  shift 195
	TOK_RPAREN  reduce 234
	TOK_RBRACE  reduce 234
	TOK_COMMA  reduce 234
	TOK_SEMICOLON  reduce 234
	TOK_EQ  reduce 234
	TOK_BOREQ  reduce 234
	TOK_BANDEQ  reduce 234
	TOK_BXOREQ  reduce 234
	TOK_LSHIFTEQ  reduce 234
	TOK_RSHIFTEQ  reduce 234
	TOK_ADDEQ  reduce 234
	TOK_MINUSEQ  reduce 234
	TOK_MULEQ  reduce 234
	TOK_DIVEQ  reduce 234
	TOK_MODEQ  reduce 234

	keyword_token  goto 196
	arrow_token  goto 197
	type_token  goto 198


state 81
	small_expr : atom_expr .  (261)
	atom_expr : atom_expr . TOK_DOT TOK_LowerIdent  (278)
	atom_expr : atom_expr . TOK_DOT TOK_UpperIdent  (279)
	atom_expr : atom_expr . TOK_DOT non_ident_token  (280)
	atom_expr : atom_expr . TOK_DOT TOK_LowerIdent TOK_LPAREN expr_list TOK_RPAREN  (281)
	atom_expr : atom_expr . TOK_DOT TOK_LowerIdent TOK_LPAREN error  (285)

	TOK_DOT  shift 199
	error  reduce 261
	TOK_RPAREN  reduce 261
	TOK_RBRACE  reduce 261
	TOK_COMMA  reduce 261
	TOK_SEMICOLON  reduce 261
	TOK_EQ  reduce 261
	TOK_EQGT  reduce 261
	TOK_MINUSGT  reduce 261
	TOK_MINUS  reduce 261
	TOK_BANG  reduce 261
	TOK_LT  reduce 261
	TOK_LTEQ  reduce 261
	TOK_GT  reduce 261
	TOK_GTEQ  reduce 261
	TOK_EQEQ  reduce 261
	TOK_BANGEQ  reduce 261
	TOK_LOR  reduce 261
	TOK_LAND  reduce 261
	TOK_LXOR  reduce 261
	TOK_BOR  reduce 261
	TOK_BAND  reduce 261
	TOK_BXOR  reduce 261
	TOK_LSHIFT  reduce 261
	TOK_RSHIFT  reduce 261
	TOK_ADD  reduce 261
	TOK_MUL  reduce 261
	TOK_DIV  reduce 261
	TOK_MOD  reduce 261
	TOK_BOREQ  reduce 261
	TOK_BANDEQ  reduce 261
	TOK_BXOREQ  reduce 261
	TOK_LSHIFTEQ  reduce 261
	TOK_RSHIFTEQ  reduce 261
	TOK_ADDEQ  reduce 261
	TOK_MINUSEQ  reduce 261
	TOK_MULEQ  reduce 261
	TOK_DIVEQ  reduce 261
	TOK_MODEQ  reduce 261
	TOK_UpperIdent  reduce 261
	TOK_LowerIdent  reduce 261
	TOK_TyBool  reduce 261
	TOK_TyChar  reduce 261
	TOK_TyInt  reduce 261
	TOK_TyFloat  reduce 261
	TOK_AS  reduce 261
	TOK_IF  reduce 261
	TOK_ELSE  reduce 261
	TOK_WHILE  reduce 261
	TOK_FOR  reduce 261
	TOK_BREAK  reduce 261
	TOK_CONTINUE  reduce 261
	TOK_LET  reduce 261
	TOK_MUT  reduce 261
	TOK_IN  reduce 261
	TOK_MATCH  reduce 261
	TOK_FUN  reduce 261
	TOK_RETURN  reduce 261
	TOK_INTERFACE  reduce 261
	TOK_IMPL  reduce 261
	TOK_EXTENDS  reduce 261
	TOK_TYPE  reduce 261


state 82
	atom_expr : TOK_LPAREN error .  (282)

	.  reduce 282


state 83
	literal : TOK_LPAREN TOK_RPAREN .  (199)

	.  reduce 199


state 84
	asgn_token : TOK_EQ .  (31)

	.  reduce 31


state 85
	bi_op_token : TOK_BOREQ .  (21)

	.  reduce 21


state 86
	asgn_token : TOK_BANDEQ .  (22)

	.  reduce 22


state 87
	asgn_token : TOK_BXOREQ .  (23)

	.  reduce 23


state 88
	asgn_token : TOK_LSHIFTEQ .  (24)

	.  reduce 24


state 89
	asgn_token : TOK_RSHIFTEQ .  (25)

	.  reduce 25


state 90
	asgn_token : TOK_ADDEQ .  (26)

	.  reduce 26


state 91
	asgn_token : TOK_MINUSEQ .  (27)

	.  reduce 27


state 92
	asgn_token : TOK_MULEQ .  (28)

	.  reduce 28


state 93
	asgn_token : TOK_DIVEQ .  (29)

	.  reduce 29


state 94
	asgn_token : TOK_MODEQ .  (30)

	.  reduce 30


state 95
	atom_expr : TOK_LowerIdent .  (272)
	atom_expr : TOK_LowerIdent . TOK_LPAREN expr_list TOK_RPAREN  (277)
	atom_expr : TOK_LowerIdent . TOK_LPAREN error  (284)

	TOK_LPAREN  shift 107
	error  reduce 272
	TOK_RPAREN  reduce 272
	TOK_RBRACE  reduce 272
	TOK_COMMA  reduce 272
	TOK_SEMICOLON  reduce 272
	TOK_EQ  reduce 272
	TOK_EQGT  reduce 272
	TOK_MINUSGT  reduce 272
	TOK_DOT  reduce 272
	TOK_MINUS  reduce 272
	TOK_BANG  reduce 272
	TOK_LT  reduce 272
	TOK_LTEQ  reduce 272
	TOK_GT  reduce 272
	TOK_GTEQ  reduce 272
	TOK_EQEQ  reduce 272
	TOK_BANGEQ  reduce 272
	TOK_LOR  reduce 272
	TOK_LAND  reduce 272
	TOK_LXOR  reduce 272
	TOK_BOR  reduce 272
	TOK_BAND  reduce 272
	TOK_BXOR  reduce 272
	TOK_LSHIFT  reduce 272
	TOK_RSHIFT  reduce 272
	TOK_ADD  reduce 272
	TOK_MUL  reduce 272
	TOK_DIV  reduce 272
	TOK_MOD  reduce 272
	TOK_BOREQ  reduce 272
	TOK_BANDEQ  reduce 272
	TOK_BXOREQ  reduce 272
	TOK_LSHIFTEQ  reduce 272
	TOK_RSHIFTEQ  reduce 272
	TOK_ADDEQ  reduce 272
	TOK_MINUSEQ  reduce 272
	TOK_MULEQ  reduce 272
	TOK_DIVEQ  reduce 272
	TOK_MODEQ  reduce 272
	TOK_UpperIdent  reduce 272
	TOK_LowerIdent  reduce 272
	TOK_TyBool  reduce 272
	TOK_TyChar  reduce 272
	TOK_TyInt  reduce 272
	TOK_TyFloat  reduce 272
	TOK_AS  reduce 272
	TOK_IF  reduce 272
	TOK_ELSE  reduce 272
	TOK_WHILE  reduce 272
	TOK_FOR  reduce 272
	TOK_BREAK  reduce 272
	TOK_CONTINUE  reduce 272
	TOK_LET  reduce 272
	TOK_MUT  reduce 272
	TOK_IN  reduce 272
	TOK_MATCH  reduce 272
	TOK_FUN  reduce 272
	TOK_RETURN  reduce 272
	TOK_INTERFACE  reduce 272
	TOK_IMPL  reduce 272
	TOK_EXTENDS  reduce 272
	TOK_TYPE  reduce 272


state 96
	expr_list : expr .  (294)
	expr_list : expr . TOK_COMMA expr_list  (295)

	TOK_COMMA  shift 200
	TOK_RPAREN  reduce 294


state 97
	atom_expr : TOK_LPAREN expr_list . TOK_RPAREN  (274)

	TOK_RPAREN  shift 201
	.  error


state 98
	stmt : error .  (182)

	.  reduce 182


state 99
	stmt : TOK_LET . pattern TOK_EQ expr TOK_SEMICOLON  (150)
	stmt : TOK_LET . pattern TOK_SEMICOLON  (151)
	stmt : TOK_LET . pattern TOK_EQ expr error  (162)
	stmt : TOK_LET . pattern expr TOK_SEMICOLON  (180)
	stmt : TOK_LET . pattern TOK_EQ TOK_SEMICOLON  (181)

	error  shift 119
	TOK_LPAREN  shift 120
	TOK_UNDERSCORE  shift 121
	TOK_UpperIdent  shift 122
	TOK_LowerIdent  shift 123
	TOK_Integer  shift 42
	TOK_Double  shift 43
	TOK_Char  shift 44
	TOK_String  shift 45
	TOK_TRUE  shift 50
	TOK_FALSE  shift 51
	TOK_MUT  shift 124
	.  error

	variable_pattern  goto 202
	pattern  goto 126
	literal  goto 127


state 100
	stmt_list : stmt . stmt_list  (144)
	stmt : TOK_LBRACE stmt . error  (177)
	stmt_list : .  (143)

	error  shift 203
	TOK_LPAREN  shift 5
	TOK_LBRACE  shift 6
	TOK_EQ  shift 7
	TOK_EQGT  shift 8
	TOK_MINUSGT  shift 9
	TOK_MINUS  shift 10
	TOK_BANG  shift 11
	TOK_LT  shift 12
	TOK_LTEQ  shift 13
	TOK_GT  shift 14
	TOK_GTEQ  shift 15
	TOK_EQEQ  shift 16
	TOK_BANGEQ  shift 17
	TOK_LOR  shift 18
	TOK_LAND  shift 19
	TOK_LXOR  shift 20
	TOK_BOR  shift 21
	TOK_BAND  shift 22
	TOK_BXOR  shift 23
	TOK_LSHIFT  shift 24
	TOK_RSHIFT  shift 25
	TOK_ADD  shift 26
	TOK_MUL  shift 27
	TOK_DIV  shift 28
	TOK_MOD  shift 29
	TOK_BOREQ  shift 30
	TOK_BANDEQ  shift 31
	TOK_BXOREQ  shift 32
	TOK_LSHIFTEQ  shift 33
	TOK_RSHIFTEQ  shift 34
	TOK_ADDEQ  shift 35
	TOK_MINUSEQ  shift 36
	TOK_MULEQ  shift 37
	TOK_DIVEQ  shift 38
	TOK_MODEQ  shift 39
	TOK_UpperIdent  shift 40
	TOK_LowerIdent  shift 41
	TOK_Integer  shift 42
	TOK_Double  shift 43
	TOK_Char  shift 44
	TOK_String  shift 45
	TOK_TyBool  shift 46
	TOK_TyChar  shift 47
	TOK_TyInt  shift 48
	TOK_TyFloat  shift 49
	TOK_TRUE  shift 50
	TOK_FALSE  shift 51
	TOK_THIS  shift 52
	TOK_IF  shift 53
	TOK_ELSE  shift 54
	TOK_WHILE  shift 55
	TOK_FOR  shift 56
	TOK_BREAK  shift 57
	TOK_CONTINUE  shift 58
	TOK_LET  shift 99
	TOK_MUT  shift 60
	TOK_MATCH  shift 61
	TOK_RETURN  shift 63
	TOK_RBRACE  reduce 143

	bi_op_token  goto 68
	asgn_token  goto 69
	arrow_token  goto 70
	type_token  goto 71
	expr  goto 74
	stmt  goto 204
	stmt_list  goto 205
	lvalue  goto 77
	assignment_op  goto 78
	literal  goto 79
	small_expr  goto 80
	atom_expr  goto 81


state 101
	stmt : TOK_LBRACE stmt_list . TOK_RBRACE  (152)

	TOK_RBRACE  shift 206
	.  error


state 102
	atom_expr : TOK_UpperIdent .  (275)
	atom_expr : TOK_UpperIdent . TOK_LPAREN expr_list TOK_RPAREN  (276)
	atom_expr : TOK_UpperIdent . TOK_LPAREN error  (283)

	TOK_LPAREN  shift 105
	error  reduce 275
	TOK_RPAREN  reduce 275
	TOK_RBRACE  reduce 275
	TOK_COMMA  reduce 275
	TOK_SEMICOLON  reduce 275
	TOK_EQ  reduce 275
	TOK_EQGT  reduce 275
	TOK_MINUSGT  reduce 275
	TOK_DOT  reduce 275
	TOK_MINUS  reduce 275
	TOK_BANG  reduce 275
	TOK_LT  reduce 275
	TOK_LTEQ  reduce 275
	TOK_GT  reduce 275
	TOK_GTEQ  reduce 275
	TOK_EQEQ  reduce 275
	TOK_BANGEQ  reduce 275
	TOK_LOR  reduce 275
	TOK_LAND  reduce 275
	TOK_LXOR  reduce 275
	TOK_BOR  reduce 275
	TOK_BAND  reduce 275
	TOK_BXOR  reduce 275
	TOK_LSHIFT  reduce 275
	TOK_RSHIFT  reduce 275
	TOK_ADD  reduce 275
	TOK_MUL  reduce 275
	TOK_DIV  reduce 275
	TOK_MOD  reduce 275
	TOK_BOREQ  reduce 275
	TOK_BANDEQ  reduce 275
	TOK_BXOREQ  reduce 275
	TOK_LSHIFTEQ  reduce 275
	TOK_RSHIFTEQ  reduce 275
	TOK_ADDEQ  reduce 275
	TOK_MINUSEQ  reduce 275
	TOK_MULEQ  reduce 275
	TOK_DIVEQ  reduce 275
	TOK_MODEQ  reduce 275
	TOK_UpperIdent  reduce 275
	TOK_LowerIdent  reduce 275
	TOK_TyBool  reduce 275
	TOK_TyChar  reduce 275
	TOK_TyInt  reduce 275
	TOK_TyFloat  reduce 275
	TOK_AS  reduce 275
	TOK_IF  reduce 275
	TOK_ELSE  reduce 275
	TOK_WHILE  reduce 275
	TOK_FOR  reduce 275
	TOK_BREAK  reduce 275
	TOK_CONTINUE  reduce 275
	TOK_LET  reduce 275
	TOK_MUT  reduce 275
	TOK_IN  reduce 275
	TOK_MATCH  reduce 275
	TOK_FUN  reduce 275
	TOK_RETURN  reduce 275
	TOK_INTERFACE  reduce 275
	TOK_IMPL  reduce 275
	TOK_EXTENDS  reduce 275
	TOK_TYPE  reduce 275


state 103
	small_expr : TOK_MINUS atom_expr .  (262)
	atom_expr : atom_expr . TOK_DOT TOK_LowerIdent  (278)
	atom_expr : atom_expr . TOK_DOT TOK_UpperIdent  (279)
	atom_expr : atom_expr . TOK_DOT non_ident_token  (280)
	atom_expr : atom_expr . TOK_DOT TOK_LowerIdent TOK_LPAREN expr_list TOK_RPAREN  (281)
	atom_expr : atom_expr . TOK_DOT TOK_LowerIdent TOK_LPAREN error  (285)

	TOK_DOT  shift 199
	error  reduce 262
	TOK_RPAREN  reduce 262
	TOK_RBRACE  reduce 262
	TOK_COMMA  reduce 262
	TOK_SEMICOLON  reduce 262
	TOK_EQ  reduce 262
	TOK_EQGT  reduce 262
	TOK_MINUSGT  reduce 262
	TOK_MINUS  reduce 262
	TOK_BANG  reduce 262
	TOK_LT  reduce 262
	TOK_LTEQ  reduce 262
	TOK_GT  reduce 262
	TOK_GTEQ  reduce 262
	TOK_EQEQ  reduce 262
	TOK_BANGEQ  reduce 262
	TOK_LOR  reduce 262
	TOK_LAND  reduce 262
	TOK_LXOR  reduce 262
	TOK_BOR  reduce 262
	TOK_BAND  reduce 262
	TOK_BXOR  reduce 262
	TOK_LSHIFT  reduce 262
	TOK_RSHIFT  reduce 262
	TOK_ADD  reduce 262
	TOK_MUL  reduce 262
	TOK_DIV  reduce 262
	TOK_MOD  reduce 262
	TOK_BOREQ  reduce 262
	TOK_BANDEQ  reduce 262
	TOK_BXOREQ  reduce 262
	TOK_LSHIFTEQ  reduce 262
	TOK_RSHIFTEQ  reduce 262
	TOK_ADDEQ  reduce 262
	TOK_MINUSEQ  reduce 262
	TOK_MULEQ  reduce 262
	TOK_DIVEQ  reduce 262
	TOK_MODEQ  reduce 262
	TOK_UpperIdent  reduce 262
	TOK_LowerIdent  reduce 262
	TOK_TyBool  reduce 262
	TOK_TyChar  reduce 262
	TOK_TyInt  reduce 262
	TOK_TyFloat  reduce 262
	TOK_AS  reduce 262
	TOK_IF  reduce 262
	TOK_ELSE  reduce 262
	TOK_WHILE  reduce 262
	TOK_FOR  reduce 262
	TOK_BREAK  reduce 262
	TOK_CONTINUE  reduce 262
	TOK_LET  reduce 262
	TOK_MUT  reduce 262
	TOK_IN  reduce 262
	TOK_MATCH  reduce 262
	TOK_FUN  reduce 262
	TOK_RETURN  reduce 262
	TOK_INTERFACE  reduce 262
	TOK_IMPL  reduce 262
	TOK_EXTENDS  reduce 262
	TOK_TYPE  reduce 262


state 104
	small_expr : TOK_BANG atom_expr .  (263)
	atom_expr : atom_expr . TOK_DOT TOK_LowerIdent  (278)
	atom_expr : atom_expr . TOK_DOT TOK_UpperIdent  (279)
	atom_expr : atom_expr . TOK_DOT non_ident_token  (280)
	atom_expr : atom_expr . TOK_DOT TOK_LowerIdent TOK_LPAREN expr_list TOK_RPAREN  (281)
	atom_expr : atom_expr . TOK_DOT TOK_LowerIdent TOK_LPAREN error  (285)

	TOK_DOT  shift 199
	error  reduce 263
	TOK_RPAREN  reduce 263
	TOK_RBRACE  reduce 263
	TOK_COMMA  reduce 263
	TOK_SEMICOLON  reduce 263
	TOK_EQ  reduce 263
	TOK_EQGT  reduce 263
	TOK_MINUSGT  reduce 263
	TOK_MINUS  reduce 263
	TOK_BANG  reduce 263
	TOK_LT  reduce 263
	TOK_LTEQ  reduce 263
	TOK_GT  reduce 263
	TOK_GTEQ  reduce 263
	TOK_EQEQ  reduce 263
	TOK_BANGEQ  reduce 263
	TOK_LOR  reduce 263
	TOK_LAND  reduce 263
	TOK_LXOR  reduce 263
	TOK_BOR  reduce 263
	TOK_BAND  reduce 263
	TOK_BXOR  reduce 263
	TOK_LSHIFT  reduce 263
	TOK_RSHIFT  reduce 263
	TOK_ADD  reduce 263
	TOK_MUL  reduce 263
	TOK_DIV  reduce 263
	TOK_MOD  reduce 263
	TOK_BOREQ  reduce 263
	TOK_BANDEQ  reduce 263
	TOK_BXOREQ  reduce 263
	TOK_LSHIFTEQ  reduce 263
	TOK_RSHIFTEQ  reduce 263
	TOK_ADDEQ  reduce 263
	TOK_MINUSEQ  reduce 263
	TOK_MULEQ  reduce 263
	TOK_DIVEQ  reduce 263
	TOK_MODEQ  reduce 263
	TOK_UpperIdent  reduce 263
	TOK_LowerIdent  reduce 263
	TOK_TyBool  reduce 263
	TOK_TyChar  reduce 263
	TOK_TyInt  reduce 263
	TOK_TyFloat  reduce 263
	TOK_AS  reduce 263
	TOK_IF  reduce 263
	TOK_ELSE  reduce 263
	TOK_WHILE  reduce 263
	TOK_FOR  reduce 263
	TOK_BREAK  reduce 263
	TOK_CONTINUE  reduce 263
	TOK_LET  reduce 263
	TOK_MUT  reduce 263
	TOK_IN  reduce 263
	TOK_MATCH  reduce 263
	TOK_FUN  reduce 263
	TOK_RETURN  reduce 263
	TOK_INTERFACE  reduce 263
	TOK_IMPL  reduce 263
	TOK_EXTENDS  reduce 263
	TOK_TYPE  reduce 263


state 105
	atom_expr : TOK_UpperIdent TOK_LPAREN . expr_list TOK_RPAREN  (276)
	atom_expr : TOK_UpperIdent TOK_LPAREN . error  (283)
	expr_list : .  (293)

	error  shift 207
	TOK_LPAREN  shift 5
	TOK_EQ  shift 84
	TOK_EQGT  shift 8
	TOK_MINUSGT  shift 9
	TOK_MINUS  shift 10
	TOK_BANG  shift 11
	TOK_LT  shift 12
	TOK_LTEQ  shift 13
	TOK_GT  shift 14
	TOK_GTEQ  shift 15
	TOK_EQEQ  shift 16
	TOK_BANGEQ  shift 17
	TOK_LOR  shift 18
	TOK_LAND  shift 19
	TOK_LXOR  shift 20
	TOK_BOR  shift 21
	TOK_BAND  shift 22
	TOK_BXOR  shift 23
	TOK_LSHIFT  shift 24
	TOK_RSHIFT  shift 25
	TOK_ADD  shift 26
	TOK_MUL  shift 27
	TOK_DIV  shift 28
	TOK_MOD  shift 29
	TOK_BOREQ  shift 85
	TOK_BANDEQ  shift 86
	TOK_BXOREQ  shift 87
	TOK_LSHIFTEQ  shift 88
	TOK_RSHIFTEQ  shift 89
	TOK_ADDEQ  shift 90
	TOK_MINUSEQ  shift 91
	TOK_MULEQ  shift 92
	TOK_DIVEQ  shift 93
	TOK_MODEQ  shift 94
	TOK_UpperIdent  shift 40
	TOK_LowerIdent  shift 95
	TOK_Integer  shift 42
	TOK_Double  shift 43
	TOK_Char  shift 44
	TOK_String  shift 45
	TOK_TyBool  shift 46
	TOK_TyChar  shift 47
	TOK_TyInt  shift 48
	TOK_TyFloat  shift 49
	TOK_TRUE  shift 50
	TOK_FALSE  shift 51
	TOK_THIS  shift 52
	TOK_MUT  shift 60
	TOK_RPAREN  reduce 293

	bi_op_token  goto 68
	asgn_token  goto 69
	arrow_token  goto 70
	type_token  goto 71
	expr  goto 96
	literal  goto 79
	small_expr  goto 80
	atom_expr  goto 81
	expr_list  goto 208


state 106
	small_expr : TOK_UpperIdent TOK_LBRACE . struct_expr_fields TOK_RBRACE  (269)
	small_expr : TOK_UpperIdent TOK_LBRACE . error  (270)
	struct_expr_fields : .  (288)

	error  shift 209
	TOK_LPAREN  shift 210
	TOK_RPAREN  shift 211
	TOK_LBRACK  shift 212
	TOK_RBRACK  shift 213
	TOK_COLON  shift 214
	TOK_COMMA  shift 215
	TOK_SEMICOLON  shift 216
	TOK_DOT  shift 217
	TOK_UNDERSCORE  shift 218
	TOK_MINUS  shift 219
	TOK_BANG  shift 220
	TOK_UpperIdent  shift 221
	TOK_LowerIdent  shift 222
	TOK_Integer  shift 223
	TOK_Double  shift 224
	TOK_Char  shift 225
	TOK_String  shift 226
	TOK_TRUE  shift 227
	TOK_FALSE  shift 228
	TOK_THIS  shift 229
	TOK_RBRACE  reduce 288

	other_token  goto 230
	struct_expr_fields  goto 231
	struct_expr_field  goto 232
	struct_expr_field_name  goto 233


state 107
	atom_expr : TOK_LowerIdent TOK_LPAREN . expr_list TOK_RPAREN  (277)
	atom_expr : TOK_LowerIdent TOK_LPAREN . error  (284)
	expr_list : .  (293)

	error  shift 234
	TOK_LPAREN  shift 5
	TOK_EQ  shift 84
	TOK_EQGT  shift 8
	TOK_MINUSGT  shift 9
	TOK_MINUS  shift 10
	TOK_BANG  shift 11
	TOK_LT  shift 12
	TOK_LTEQ  shift 13
	TOK_GT  shift 14
	TOK_GTEQ  shift 15
	TOK_EQEQ  shift 16
	TOK_BANGEQ  shift 17
	TOK_LOR  shift 18
	TOK_LAND  shift 19
	TOK_LXOR  shift 20
	TOK_BOR  shift 21
	TOK_BAND  shift 22
	TOK_BXOR  shift 23
	TOK_LSHIFT  shift 24
	TOK_RSHIFT  shift 25
	TOK_ADD  shift 26
	TOK_MUL  shift 27
	TOK_DIV  shift 28
	TOK_MOD  shift 29
	TOK_BOREQ  shift 85
	TOK_BANDEQ  shift 86
	TOK_BXOREQ  shift 87
	TOK_LSHIFTEQ  shift 88
	TOK_RSHIFTEQ  shift 89
	TOK_ADDEQ  shift 90
	TOK_MINUSEQ  shift 91
	TOK_MULEQ  shift 92
	TOK_DIVEQ  shift 93
	TOK_MODEQ  shift 94
	TOK_UpperIdent  shift 40
	TOK_LowerIdent  shift 95
	TOK_Integer  shift 42
	TOK_Double  shift 43
	TOK_Char  shift 44
	TOK_String  shift 45
	TOK_TyBool  shift 46
	TOK_TyChar  shift 47
	TOK_TyInt  shift 48
	TOK_TyFloat  shift 49
	TOK_TRUE  shift 50
	TOK_FALSE  shift 51
	TOK_THIS  shift 52
	TOK_MUT  shift 60
	TOK_RPAREN  reduce 293

	bi_op_token  goto 68
	asgn_token  goto 69
	arrow_token  goto 70
	type_token  goto 71
	expr  goto 96
	literal  goto 79
	small_expr  goto 80
	atom_expr  goto 81
	expr_list  goto 235


108: shift/reduce conflict (shift 237, reduce 293) on TOK_RPAREN
state 108
	stmt : TOK_IF TOK_LPAREN . expr TOK_RPAREN stmt  (153)
	stmt : TOK_IF TOK_LPAREN . expr TOK_RPAREN stmt TOK_ELSE stmt  (154)
	stmt : TOK_IF TOK_LPAREN . TOK_RPAREN stmt  (165)
	stmt : TOK_IF TOK_LPAREN . error  (174)
	literal : TOK_LPAREN . TOK_RPAREN  (199)
	atom_expr : TOK_LPAREN . expr_list TOK_RPAREN  (274)
	atom_expr : TOK_LPAREN . error  (282)
	expr_list : .  (293)

	error  shift 236
	TOK_LPAREN  shift 5
	TOK_RPAREN  shift 237
	TOK_EQ  shift 84
	TOK_EQGT  shift 8
	TOK_MINUSGT  shift 9
	TOK_MINUS  shift 10
	TOK_BANG  shift 11
	TOK_LT  shift 12
	TOK_LTEQ  shift 13
	TOK_GT  shift 14
	TOK_GTEQ  shift 15
	TOK_EQEQ  shift 16
	TOK_BANGEQ  shift 17
	TOK_LOR  shift 18
	TOK_LAND  shift 19
	TOK_LXOR  shift 20
	TOK_BOR  shift 21
	TOK_BAND  shift 22
	TOK_BXOR  shift 23
	TOK_LSHIFT  shift 24
	TOK_RSHIFT  shift 25
	TOK_ADD  shift 26
	TOK_MUL  shift 27
	TOK_DIV  shift 28
	TOK_MOD  shift 29
	TOK_BOREQ  shift 85
	TOK_BANDEQ  shift 86
	TOK_BXOREQ  shift 87
	TOK_LSHIFTEQ  shift 88
	TOK_RSHIFTEQ  shift 89
	TOK_ADDEQ  shift 90
	TOK_MINUSEQ  shift 91
	TOK_MULEQ  shift 92
	TOK_DIVEQ  shift 93
	TOK_MODEQ  shift 94
	TOK_UpperIdent  shift 40
	TOK_LowerIdent  shift 95
	TOK_Integer  shift 42
	TOK_Double  shift 43
	TOK_Char  shift 44
	TOK_String  shift 45
	TOK_TyBool  shift 46
	TOK_TyChar  shift 47
	TOK_TyInt  shift 48
	TOK_TyFloat  shift 49
	TOK_TRUE  shift 50
	TOK_FALSE  shift 51
	TOK_THIS  shift 52
	TOK_MUT  shift 60

	bi_op_token  goto 68
	asgn_token  goto 69
	arrow_token  goto 70
	type_token  goto 71
	expr  goto 238
	literal  goto 79
	small_expr  goto 80
	atom_expr  goto 81
	expr_list  goto 97


state 109
	stmt : TOK_IF expr . TOK_RPAREN  (171)

	TOK_RPAREN  shift 239
	.  error


state 110
	stmt : TOK_ELSE error .  (164)

	.  reduce 164


state 111
	stmt : TOK_ELSE TOK_LPAREN . TOK_RPAREN stmt  (166)

	TOK_RPAREN  shift 240
	.  error


112: shift/reduce conflict (shift 242, reduce 293) on TOK_RPAREN
state 112
	stmt : TOK_WHILE TOK_LPAREN . expr TOK_RPAREN stmt  (156)
	stmt : TOK_WHILE TOK_LPAREN . TOK_RPAREN stmt  (167)
	stmt : TOK_WHILE TOK_LPAREN . error  (175)
	literal : TOK_LPAREN . TOK_RPAREN  (199)
	atom_expr : TOK_LPAREN . expr_list TOK_RPAREN  (274)
	atom_expr : TOK_LPAREN . error  (282)
	expr_list : .  (293)

	error  shift 241
	TOK_LPAREN  shift 5
	TOK_RPAREN  shift 242
	TOK_EQ  shift 84
	TOK_EQGT  shift 8
	TOK_MINUSGT  shift 9
	TOK_MINUS  shift 10
	TOK_BANG  shift 11
	TOK_LT  shift 12
	TOK_LTEQ  shift 13
	TOK_GT  shift 14
	TOK_GTEQ  shift 15
	TOK_EQEQ  shift 16
	TOK_BANGEQ  shift 17
	TOK_LOR  shift 18
	TOK_LAND  shift 19
	TOK_LXOR  shift 20
	TOK_BOR  shift 21
	TOK_BAND  shift 22
	TOK_BXOR  shift 23
	TOK_LSHIFT  shift 24
	TOK_RSHIFT  shift 25
	TOK_ADD  shift 26
	TOK_MUL  shift 27
	TOK_DIV  shift 28
	TOK_MOD  shift 29
	TOK_BOREQ  shift 85
	TOK_BANDEQ  shift 86
	TOK_BXOREQ  shift 87
	TOK_LSHIFTEQ  shift 88
	TOK_RSHIFTEQ  shift 89
	TOK_ADDEQ  shift 90
	TOK_MINUSEQ  shift 91
	TOK_MULEQ  shift 92
	TOK_DIVEQ  shift 93
	TOK_MODEQ  shift 94
	TOK_UpperIdent  shift 40
	TOK_LowerIdent  shift 95
	TOK_Integer  shift 42
	TOK_Double  shift 43
	TOK_Char  shift 44
	TOK_String  shift 45
	TOK_TyBool  shift 46
	TOK_TyChar  shift 47
	TOK_TyInt  shift 48
	TOK_TyFloat  shift 49
	TOK_TRUE  shift 50
	TOK_FALSE  shift 51
	TOK_THIS  shift 52
	TOK_MUT  shift 60

	bi_op_token  goto 68
	asgn_token  goto 69
	arrow_token  goto 70
	type_token  goto 71
	expr  goto 243
	literal  goto 79
	small_expr  goto 80
	atom_expr  goto 81
	expr_list  goto 97


state 113
	stmt : TOK_WHILE expr . TOK_RPAREN  (172)

	TOK_RPAREN  shift 244
	.  error


state 114
	stmt : TOK_FOR TOK_LPAREN . pattern TOK_IN expr TOK_RPAREN stmt  (155)
	stmt : TOK_FOR TOK_LPAREN . pattern expr TOK_RPAREN stmt  (178)
	stmt : TOK_FOR TOK_LPAREN . pattern TOK_IN TOK_RPAREN stmt  (179)

	error  shift 119
	TOK_LPAREN  shift 120
	TOK_UNDERSCORE  shift 121
	TOK_UpperIdent  shift 122
	TOK_LowerIdent  shift 123
	TOK_Integer  shift 42
	TOK_Double  shift 43
	TOK_Char  shift 44
	TOK_String  shift 45
	TOK_TRUE  shift 50
	TOK_FALSE  shift 51
	TOK_MUT  shift 124
	.  error

	variable_pattern  goto 202
	pattern  goto 245
	literal  goto 127


state 115
	stmt : TOK_BREAK error .  (159)

	.  reduce 159


state 116
	stmt : TOK_BREAK TOK_SEMICOLON .  (147)

	.  reduce 147


state 117
	stmt : TOK_CONTINUE error .  (160)

	.  reduce 160


state 118
	stmt : TOK_CONTINUE TOK_SEMICOLON .  (148)

	.  reduce 148


state 119
	pattern : error .  (222)

	.  reduce 222


state 120
	literal : TOK_LPAREN . TOK_RPAREN  (199)
	pattern : TOK_LPAREN . pattern_list_nonempty TOK_RPAREN  (215)

	error  shift 119
	TOK_LPAREN  shift 120
	TOK_RPAREN  shift 83
	TOK_UNDERSCORE  shift 121
	TOK_UpperIdent  shift 122
	TOK_LowerIdent  shift 123
	TOK_Integer  shift 42
	TOK_Double  shift 43
	TOK_Char  shift 44
	TOK_String  shift 45
	TOK_TRUE  shift 50
	TOK_FALSE  shift 51
	TOK_MUT  shift 124
	.  error

	variable_pattern  goto 202
	pattern  goto 246
	literal  goto 127
	pattern_list_nonempty  goto 247


state 121
	pattern : TOK_UNDERSCORE .  (206)

	.  reduce 206


122: shift/reduce conflict (shift 248, reduce 212) on TOK_LPAREN
state 122
	pattern : TOK_UpperIdent .  (212)
	pattern : TOK_UpperIdent . TOK_LPAREN pattern_list_nonempty TOK_RPAREN  (213)
	pattern : TOK_UpperIdent . TOK_LBRACE struct_pattern_fields TOK_RBRACE  (214)
	pattern : TOK_UpperIdent . TOK_LPAREN TOK_RPAREN  (217)
	pattern : TOK_UpperIdent . TOK_LPAREN  (218)
	pattern : TOK_UpperIdent . TOK_LBRACE error  (220)

	TOK_LPAREN  shift 248
	TOK_LBRACE  shift 249
	TOK_RPAREN  reduce 212
	TOK_RBRACE  reduce 212
	TOK_COLON  reduce 212
	TOK_COMMA  reduce 212
	TOK_SEMICOLON  reduce 212
	TOK_EQ  reduce 212
	TOK_EQGT  reduce 212
	TOK_MINUSGT  reduce 212
	TOK_MINUS  reduce 212
	TOK_BANG  reduce 212
	TOK_LT  reduce 212
	TOK_LTEQ  reduce 212
	TOK_GT  reduce 212
	TOK_GTEQ  reduce 212
	TOK_EQEQ  reduce 212
	TOK_BANGEQ  reduce 212
	TOK_LOR  reduce 212
	TOK_LAND  reduce 212
	TOK_LXOR  reduce 212
	TOK_BOR  reduce 212
	TOK_BAND  reduce 212
	TOK_BXOR  reduce 212
	TOK_LSHIFT  reduce 212
	TOK_RSHIFT  reduce 212
	TOK_ADD  reduce 212
	TOK_MUL  reduce 212
	TOK_DIV  reduce 212
	TOK_MOD  reduce 212
	TOK_BOREQ  reduce 212
	TOK_BANDEQ  reduce 212
	TOK_BXOREQ  reduce 212
	TOK_LSHIFTEQ  reduce 212
	TOK_RSHIFTEQ  reduce 212
	TOK_ADDEQ  reduce 212
	TOK_MINUSEQ  reduce 212
	TOK_MULEQ  reduce 212
	TOK_DIVEQ  reduce 212
	TOK_MODEQ  reduce 212
	TOK_UpperIdent  reduce 212
	TOK_LowerIdent  reduce 212
	TOK_Integer  reduce 212
	TOK_Double  reduce 212
	TOK_Char  reduce 212
	TOK_String  reduce 212
	TOK_TyBool  reduce 212
	TOK_TyChar  reduce 212
	TOK_TyInt  reduce 212
	TOK_TyFloat  reduce 212
	TOK_TRUE  reduce 212
	TOK_FALSE  reduce 212
	TOK_THIS  reduce 212
	TOK_AS  reduce 212
	TOK_MUT  reduce 212
	TOK_IN  reduce 212


123: shift/reduce conflict (shift 250, reduce 223) on TOK_LPAREN
123: shift/reduce conflict (shift 252, reduce 223) on TOK_COLON
state 123
	pattern : TOK_LowerIdent . TOK_LPAREN pattern_list_nonempty TOK_RPAREN  (219)
	pattern : TOK_LowerIdent . TOK_LBRACE struct_pattern_fields TOK_RBRACE  (221)
	variable_pattern : TOK_LowerIdent .  (223)
	variable_pattern : TOK_LowerIdent . TOK_COLON typ  (225)

	TOK_LPAREN  shift 250
	TOK_LBRACE  shift 251
	TOK_COLON  shift 252
	TOK_RPAREN  reduce 223
	TOK_RBRACE  reduce 223
	TOK_COMMA  reduce 223
	TOK_SEMICOLON  reduce 223
	TOK_EQ  reduce 223
	TOK_EQGT  reduce 223
	TOK_MINUSGT  reduce 223
	TOK_MINUS  reduce 223
	TOK_BANG  reduce 223
	TOK_LT  reduce 223
	TOK_LTEQ  reduce 223
	TOK_GT  reduce 223
	TOK_GTEQ  reduce 223
	TOK_EQEQ  reduce 223
	TOK_BANGEQ  reduce 223
	TOK_LOR  reduce 223
	TOK_LAND  reduce 223
	TOK_LXOR  reduce 223
	TOK_BOR  reduce 223
	TOK_BAND  reduce 223
	TOK_BXOR  reduce 223
	TOK_LSHIFT  reduce 223
	TOK_RSHIFT  reduce 223
	TOK_ADD  reduce 223
	TOK_MUL  reduce 223
	TOK_DIV  reduce 223
	TOK_MOD  reduce 223
	TOK_BOREQ  reduce 223
	TOK_BANDEQ  reduce 223
	TOK_BXOREQ  reduce 223
	TOK_LSHIFTEQ  reduce 223
	TOK_RSHIFTEQ  reduce 223
	TOK_ADDEQ  reduce 223
	TOK_MINUSEQ  reduce 223
	TOK_MULEQ  reduce 223
	TOK_DIVEQ  reduce 223
	TOK_MODEQ  reduce 223
	TOK_UpperIdent  reduce 223
	TOK_LowerIdent  reduce 223
	TOK_Integer  reduce 223
	TOK_Double  reduce 223
	TOK_Char  reduce 223
	TOK_String  reduce 223
	TOK_TyBool  reduce 223
	TOK_TyChar  reduce 223
	TOK_TyInt  reduce 223
	TOK_TyFloat  reduce 223
	TOK_TRUE  reduce 223
	TOK_FALSE  reduce 223
	TOK_THIS  reduce 223
	TOK_AS  reduce 223
	TOK_MUT  reduce 223
	TOK_IN  reduce 223


state 124
	pattern : TOK_MUT . pattern  (209)
	variable_pattern : TOK_MUT . TOK_LowerIdent  (224)
	variable_pattern : TOK_MUT . TOK_LowerIdent TOK_COLON typ  (226)

	error  shift 119
	TOK_LPAREN  shift 120
	TOK_UNDERSCORE  shift 121
	TOK_UpperIdent  shift 122
	TOK_LowerIdent  shift 253
	TOK_Integer  shift 42
	TOK_Double  shift 43
	TOK_Char  shift 44
	TOK_String  shift 45
	TOK_TRUE  shift 50
	TOK_FALSE  shift 51
	TOK_MUT  shift 124
	.  error

	variable_pattern  goto 202
	pattern  goto 254
	literal  goto 127


125: shift/reduce conflict (shift 255, reduce 208) on TOK_SEMICOLON
125: shift/reduce conflict (shift 256, reduce 208) on TOK_EQ
state 125
	top_clause : TOK_LET variable_pattern . TOK_EQ expr TOK_SEMICOLON  (93)
	top_clause : TOK_LET variable_pattern . TOK_SEMICOLON  (94)
	top_clause : TOK_LET variable_pattern . TOK_EQ expr error  (95)
	pattern : variable_pattern .  (208)

	TOK_SEMICOLON  shift 255
	TOK_EQ  shift 256
	TOK_LPAREN  reduce 208
	TOK_COLON  reduce 208
	TOK_EQGT  reduce 208
	TOK_MINUSGT  reduce 208
	TOK_MINUS  reduce 208
	TOK_BANG  reduce 208
	TOK_LT  reduce 208
	TOK_LTEQ  reduce 208
	TOK_GT  reduce 208
	TOK_GTEQ  reduce 208
	TOK_EQEQ  reduce 208
	TOK_BANGEQ  reduce 208
	TOK_LOR  reduce 208
	TOK_LAND  reduce 208
	TOK_LXOR  reduce 208
	TOK_BOR  reduce 208
	TOK_BAND  reduce 208
	TOK_BXOR  reduce 208
	TOK_LSHIFT  reduce 208
	TOK_RSHIFT  reduce 208
	TOK_ADD  reduce 208
	TOK_MUL  reduce 208
	TOK_DIV  reduce 208
	TOK_MOD  reduce 208
	TOK_BOREQ  reduce 208
	TOK_BANDEQ  reduce 208
	TOK_BXOREQ  reduce 208
	TOK_LSHIFTEQ  reduce 208
	TOK_RSHIFTEQ  reduce 208
	TOK_ADDEQ  reduce 208
	TOK_MINUSEQ  reduce 208
	TOK_MULEQ  reduce 208
	TOK_DIVEQ  reduce 208
	TOK_MODEQ  reduce 208
	TOK_UpperIdent  reduce 208
	TOK_LowerIdent  reduce 208
	TOK_Integer  reduce 208
	TOK_Double  reduce 208
	TOK_Char  reduce 208
	TOK_String  reduce 208
	TOK_TyBool  reduce 208
	TOK_TyChar  reduce 208
	TOK_TyInt  reduce 208
	TOK_TyFloat  reduce 208
	TOK_TRUE  reduce 208
	TOK_FALSE  reduce 208
	TOK_THIS  reduce 208
	TOK_AS  reduce 208
	TOK_MUT  reduce 208


state 126
	stmt : TOK_LET pattern . TOK_EQ expr TOK_SEMICOLON  (150)
	stmt : TOK_LET pattern . TOK_SEMICOLON  (151)
	stmt : TOK_LET pattern . TOK_EQ expr error  (162)
	stmt : TOK_LET pattern . expr TOK_SEMICOLON  (180)
	stmt : TOK_LET pattern . TOK_EQ TOK_SEMICOLON  (181)
	pattern : pattern . TOK_AS variable_pattern  (210)
	pattern : pattern . TOK_COLON typ  (211)
	pattern : pattern . TOK_AS error  (216)

	TOK_LPAREN  shift 5
	TOK_COLON  shift 257
	TOK_SEMICOLON  shift 258
	TOK_EQ  shift 259
	TOK_EQGT  shift 8
	TOK_MINUSGT  shift 9
	TOK_MINUS  shift 10
	TOK_BANG  shift 11
	TOK_LT  shift 12
	TOK_LTEQ  shift 13
	TOK_GT  shift 14
	TOK_GTEQ  shift 15
	TOK_EQEQ  shift 16
	TOK_BANGEQ  shift 17
	TOK_LOR  shift 18
	TOK_LAND  shift 19
	TOK_LXOR  shift 20
	TOK_BOR  shift 21
	TOK_BAND  shift 22
	TOK_BXOR  shift 23
	TOK_LSHIFT  shift 24
	TOK_RSHIFT  shift 25
	TOK_ADD  shift 26
	TOK_MUL  shift 27
	TOK_DIV  shift 28
	TOK_MOD  shift 29
	TOK_BOREQ  shift 85
	TOK_BANDEQ  shift 86
	TOK_BXOREQ  shift 87
	TOK_LSHIFTEQ  shift 88
	TOK_RSHIFTEQ  shift 89
	TOK_ADDEQ  shift 90
	TOK_MINUSEQ  shift 91
	TOK_MULEQ  shift 92
	TOK_DIVEQ  shift 93
	TOK_MODEQ  shift 94
	TOK_UpperIdent  shift 40
	TOK_LowerIdent  shift 95
	TOK_Integer  shift 42
	TOK_Double  shift 43
	TOK_Char  shift 44
	TOK_String  shift 45
	TOK_TyBool  shift 46
	TOK_TyChar  shift 47
	TOK_TyInt  shift 48
	TOK_TyFloat  shift 49
	TOK_TRUE  shift 50
	TOK_FALSE  shift 51
	TOK_THIS  shift 52
	TOK_AS  shift 260
	TOK_MUT  shift 60
	.  error

	bi_op_token  goto 68
	asgn_token  goto 69
	arrow_token  goto 70
	type_token  goto 71
	expr  goto 261
	literal  goto 79
	small_expr  goto 80
	atom_expr  goto 81


state 127
	pattern : literal .  (207)

	.  reduce 207


state 128
	small_expr : TOK_MUT atom_expr .  (264)
	atom_expr : atom_expr . TOK_DOT TOK_LowerIdent  (278)
	atom_expr : atom_expr . TOK_DOT TOK_UpperIdent  (279)
	atom_expr : atom_expr . TOK_DOT non_ident_token  (280)
	atom_expr : atom_expr . TOK_DOT TOK_LowerIdent TOK_LPAREN expr_list TOK_RPAREN  (281)
	atom_expr : atom_expr . TOK_DOT TOK_LowerIdent TOK_LPAREN error  (285)

	TOK_DOT  shift 199
	error  reduce 264
	TOK_RPAREN  reduce 264
	TOK_RBRACE  reduce 264
	TOK_COMMA  reduce 264
	TOK_SEMICOLON  reduce 264
	TOK_EQ  reduce 264
	TOK_EQGT  reduce 264
	TOK_MINUSGT  reduce 264
	TOK_MINUS  reduce 264
	TOK_BANG  reduce 264
	TOK_LT  reduce 264
	TOK_LTEQ  reduce 264
	TOK_GT  reduce 264
	TOK_GTEQ  reduce 264
	TOK_EQEQ  reduce 264
	TOK_BANGEQ  reduce 264
	TOK_LOR  reduce 264
	TOK_LAND  reduce 264
	TOK_LXOR  reduce 264
	TOK_BOR  reduce 264
	TOK_BAND  reduce 264
	TOK_BXOR  reduce 264
	TOK_LSHIFT  reduce 264
	TOK_RSHIFT  reduce 264
	TOK_ADD  reduce 264
	TOK_MUL  reduce 264
	TOK_DIV  reduce 264
	TOK_MOD  reduce 264
	TOK_BOREQ  reduce 264
	TOK_BANDEQ  reduce 264
	TOK_BXOREQ  reduce 264
	TOK_LSHIFTEQ  reduce 264
	TOK_RSHIFTEQ  reduce 264
	TOK_ADDEQ  reduce 264
	TOK_MINUSEQ  reduce 264
	TOK_MULEQ  reduce 264
	TOK_DIVEQ  reduce 264
	TOK_MODEQ  reduce 264
	TOK_UpperIdent  reduce 264
	TOK_LowerIdent  reduce 264
	TOK_TyBool  reduce 264
	TOK_TyChar  reduce 264
	TOK_TyInt  reduce 264
	TOK_TyFloat  reduce 264
	TOK_AS  reduce 264
	TOK_IF  reduce 264
	TOK_ELSE  reduce 264
	TOK_WHILE  reduce 264
	TOK_FOR  reduce 264
	TOK_BREAK  reduce 264
	TOK_CONTINUE  reduce 264
	TOK_LET  reduce 264
	TOK_MUT  reduce 264
	TOK_IN  reduce 264
	TOK_MATCH  reduce 264
	TOK_FUN  reduce 264
	TOK_RETURN  reduce 264
	TOK_INTERFACE  reduce 264
	TOK_IMPL  reduce 264
	TOK_EXTENDS  reduce 264
	TOK_TYPE  reduce 264


129: shift/reduce conflict (shift 263, reduce 293) on TOK_RPAREN
state 129
	stmt : TOK_MATCH TOK_LPAREN . expr TOK_RPAREN TOK_LBRACE match_branches TOK_RBRACE  (157)
	stmt : TOK_MATCH TOK_LPAREN . TOK_RPAREN stmt  (168)
	stmt : TOK_MATCH TOK_LPAREN . error  (176)
	literal : TOK_LPAREN . TOK_RPAREN  (199)
	atom_expr : TOK_LPAREN . expr_list TOK_RPAREN  (274)
	atom_expr : TOK_LPAREN . error  (282)
	expr_list : .  (293)

	error  shift 262
	TOK_LPAREN  shift 5
	TOK_RPAREN  shift 263
	TOK_EQ  shift 84
	TOK_EQGT  shift 8
	TOK_MINUSGT  shift 9
	TOK_MINUS  shift 10
	TOK_BANG  shift 11
	TOK_LT  shift 12
	TOK_LTEQ  shift 13
	TOK_GT  shift 14
	TOK_GTEQ  shift 15
	TOK_EQEQ  shift 16
	TOK_BANGEQ  shift 17
	TOK_LOR  shift 18
	TOK_LAND  shift 19
	TOK_LXOR  shift 20
	TOK_BOR  shift 21
	TOK_BAND  shift 22
	TOK_BXOR  shift 23
	TOK_LSHIFT  shift 24
	TOK_RSHIFT  shift 25
	TOK_ADD  shift 26
	TOK_MUL  shift 27
	TOK_DIV  shift 28
	TOK_MOD  shift 29
	TOK_BOREQ  shift 85
	TOK_BANDEQ  shift 86
	TOK_BXOREQ  shift 87
	TOK_LSHIFTEQ  shift 88
	TOK_RSHIFTEQ  shift 89
	TOK_ADDEQ  shift 90
	TOK_MINUSEQ  shift 91
	TOK_MULEQ  shift 92
	TOK_DIVEQ  shift 93
	TOK_MODEQ  shift 94
	TOK_UpperIdent  shift 40
	TOK_LowerIdent  shift 95
	TOK_Integer  shift 42
	TOK_Double  shift 43
	TOK_Char  shift 44
	TOK_String  shift 45
	TOK_TyBool  shift 46
	TOK_TyChar  shift 47
	TOK_TyInt  shift 48
	TOK_TyFloat  shift 49
	TOK_TRUE  shift 50
	TOK_FALSE  shift 51
	TOK_THIS  shift 52
	TOK_MUT  shift 60

	bi_op_token  goto 68
	asgn_token  goto 69
	arrow_token  goto 70
	type_token  goto 71
	expr  goto 264
	literal  goto 79
	small_expr  goto 80
	atom_expr  goto 81
	expr_list  goto 97


state 130
	stmt : TOK_MATCH expr . TOK_RPAREN  (173)

	TOK_RPAREN  shift 265
	.  error


state 131
	function_decl : TOK_FUN TOK_LowerIdent . TOK_LPAREN function_decl_args TOK_RPAREN function_decl_ret  (118)

	TOK_LPAREN  shift 266
	.  error


state 132
	stmt : TOK_RETURN expr . TOK_SEMICOLON  (146)
	stmt : TOK_RETURN expr . error  (158)

	error  shift 267
	TOK_SEMICOLON  shift 268
	.  error


state 133
	top_clause : TOK_INTERFACE TOK_UpperIdent . TOK_LBRACE function_decls TOK_RBRACE  (87)
	top_clause : TOK_INTERFACE TOK_UpperIdent . TOK_EXTENDS interface_name_list_nonempty TOK_LBRACE function_decls TOK_RBRACE  (88)

	TOK_LBRACE  shift 269
	TOK_EXTENDS  shift 270
	.  error


state 134
	top_clause : TOK_IMPL TOK_UpperIdent . TOK_LBRACE function_impls TOK_RBRACE  (89)
	top_clause : TOK_IMPL TOK_UpperIdent . TOK_FOR TOK_UpperIdent TOK_LBRACE function_impls TOK_RBRACE  (90)

	TOK_LBRACE  shift 271
	TOK_FOR  shift 272
	.  error


state 135
	top_clause : TOK_TYPE TOK_UpperIdent . TOK_LBRACE struct_fields TOK_RBRACE  (85)
	top_clause : TOK_TYPE TOK_UpperIdent . TOK_LBRACK adt_branches TOK_RBRACK  (86)

	TOK_LBRACK  shift 273
	TOK_LBRACE  shift 274
	.  error


state 136
	program : top_clause program .  (84)

	.  reduce 84


state 137
	top_clause : function_impl TOK_SEMICOLON .  (92)

	.  reduce 92


state 138
	stmt : expr error .  (163)

	.  reduce 163


state 139
	stmt : expr TOK_SEMICOLON .  (145)

	.  reduce 145


state 140
	assignment_op : TOK_EQ .  (184)

	.  reduce 184


state 141
	assignment_op : TOK_BOREQ .  (185)

	.  reduce 185


state 142
	assignment_op : TOK_BANDEQ .  (186)

	.  reduce 186


state 143
	assignment_op : TOK_BXOREQ .  (187)

	.  reduce 187


state 144
	assignment_op : TOK_LSHIFTEQ .  (188)

	.  reduce 188


state 145
	assignment_op : TOK_RSHIFTEQ .  (189)

	.  reduce 189


state 146
	assignment_op : TOK_ADDEQ .  (190)

	.  reduce 190


state 147
	assignment_op : TOK_MINUSEQ .  (191)

	.  reduce 191


state 148
	assignment_op : TOK_MULEQ .  (192)

	.  reduce 192


state 149
	assignment_op : TOK_DIVEQ .  (193)

	.  reduce 193


state 150
	assignment_op : TOK_MODEQ .  (194)

	.  reduce 194


state 151
	stmt : expr assignment_op . expr TOK_SEMICOLON  (170)

	TOK_LPAREN  shift 5
	TOK_EQ  shift 84
	TOK_EQGT  shift 8
	TOK_MINUSGT  shift 9
	TOK_MINUS  shift 10
	TOK_BANG  shift 11
	TOK_LT  shift 12
	TOK_LTEQ  shift 13
	TOK_GT  shift 14
	TOK_GTEQ  shift 15
	TOK_EQEQ  shift 16
	TOK_BANGEQ  shift 17
	TOK_LOR  shift 18
	TOK_LAND  shift 19
	TOK_LXOR  shift 20
	TOK_BOR  shift 21
	TOK_BAND  shift 22
	TOK_BXOR  shift 23
	TOK_LSHIFT  shift 24
	TOK_RSHIFT  shift 25
	TOK_ADD  shift 26
	TOK_MUL  shift 27
	TOK_DIV  shift 28
	TOK_MOD  shift 29
	TOK_BOREQ  shift 85
	TOK_BANDEQ  shift 86
	TOK_BXOREQ  shift 87
	TOK_LSHIFTEQ  shift 88
	TOK_RSHIFTEQ  shift 89
	TOK_ADDEQ  shift 90
	TOK_MINUSEQ  shift 91
	TOK_MULEQ  shift 92
	TOK_DIVEQ  shift 93
	TOK_MODEQ  shift 94
	TOK_UpperIdent  shift 40
	TOK_LowerIdent  shift 95
	TOK_Integer  shift 42
	TOK_Double  shift 43
	TOK_Char  shift 44
	TOK_String  shift 45
	TOK_TyBool  shift 46
	TOK_TyChar  shift 47
	TOK_TyInt  shift 48
	TOK_TyFloat  shift 49
	TOK_TRUE  shift 50
	TOK_FALSE  shift 51
	TOK_THIS  shift 52
	TOK_MUT  shift 60
	.  error

	bi_op_token  goto 68
	asgn_token  goto 69
	arrow_token  goto 70
	type_token  goto 71
	expr  goto 275
	literal  goto 79
	small_expr  goto 80
	atom_expr  goto 81


state 152
	top_clause : stmt TOK_SEMICOLON .  (96)

	.  reduce 96


state 153
	function_impl : function_decl TOK_LBRACE . stmt_list TOK_RBRACE  (130)
	stmt_list : .  (143)

	error  shift 98
	TOK_LPAREN  shift 5
	TOK_LBRACE  shift 6
	TOK_EQ  shift 7
	TOK_EQGT  shift 8
	TOK_MINUSGT  shift 9
	TOK_MINUS  shift 10
	TOK_BANG  shift 11
	TOK_LT  shift 12
	TOK_LTEQ  shift 13
	TOK_GT  shift 14
	TOK_GTEQ  shift 15
	TOK_EQEQ  shift 16
	TOK_BANGEQ  shift 17
	TOK_LOR  shift 18
	TOK_LAND  shift 19
	TOK_LXOR  shift 20
	TOK_BOR  shift 21
	TOK_BAND  shift 22
	TOK_BXOR  shift 23
	TOK_LSHIFT  shift 24
	TOK_RSHIFT  shift 25
	TOK_ADD  shift 26
	TOK_MUL  shift 27
	TOK_DIV  shift 28
	TOK_MOD  shift 29
	TOK_BOREQ  shift 30
	TOK_BANDEQ  shift 31
	TOK_BXOREQ  shift 32
	TOK_LSHIFTEQ  shift 33
	TOK_RSHIFTEQ  shift 34
	TOK_ADDEQ  shift 35
	TOK_MINUSEQ  shift 36
	TOK_MULEQ  shift 37
	TOK_DIVEQ  shift 38
	TOK_MODEQ  shift 39
	TOK_UpperIdent  shift 40
	TOK_LowerIdent  shift 41
	TOK_Integer  shift 42
	TOK_Double  shift 43
	TOK_Char  shift 44
	TOK_String  shift 45
	TOK_TyBool  shift 46
	TOK_TyChar  shift 47
	TOK_TyInt  shift 48
	TOK_TyFloat  shift 49
	TOK_TRUE  shift 50
	TOK_FALSE  shift 51
	TOK_THIS  shift 52
	TOK_IF  shift 53
	TOK_ELSE  shift 54
	TOK_WHILE  shift 55
	TOK_FOR  shift 56
	TOK_BREAK  shift 57
	TOK_CONTINUE  shift 58
	TOK_LET  shift 99
	TOK_MUT  shift 60
	TOK_MATCH  shift 61
	TOK_RETURN  shift 63
	TOK_RBRACE  reduce 143

	bi_op_token  goto 68
	asgn_token  goto 69
	arrow_token  goto 70
	type_token  goto 71
	expr  goto 74
	stmt  goto 204
	stmt_list  goto 276
	lvalue  goto 77
	assignment_op  goto 78
	literal  goto 79
	small_expr  goto 80
	atom_expr  goto 81


state 154
	stmt : lvalue assignment_op . expr TOK_SEMICOLON  (149)
	stmt : lvalue assignment_op . expr error  (161)

	TOK_LPAREN  shift 5
	TOK_EQ  shift 84
	TOK_EQGT  shift 8
	TOK_MINUSGT  shift 9
	TOK_MINUS  shift 10
	TOK_BANG  shift 11
	TOK_LT  shift 12
	TOK_LTEQ  shift 13
	TOK_GT  shift 14
	TOK_GTEQ  shift 15
	TOK_EQEQ  shift 16
	TOK_BANGEQ  shift 17
	TOK_LOR  shift 18
	TOK_LAND  shift 19
	TOK_LXOR  shift 20
	TOK_BOR  shift 21
	TOK_BAND  shift 22
	TOK_BXOR  shift 23
	TOK_LSHIFT  shift 24
	TOK_RSHIFT  shift 25
	TOK_ADD  shift 26
	TOK_MUL  shift 27
	TOK_DIV  shift 28
	TOK_MOD  shift 29
	TOK_BOREQ  shift 85
	TOK_BANDEQ  shift 86
	TOK_BXOREQ  shift 87
	TOK_LSHIFTEQ  shift 88
	TOK_RSHIFTEQ  shift 89
	TOK_ADDEQ  shift 90
	TOK_MINUSEQ  shift 91
	TOK_MULEQ  shift 92
	TOK_DIVEQ  shift 93
	TOK_MODEQ  shift 94
	TOK_UpperIdent  shift 40
	TOK_LowerIdent  shift 95
	TOK_Integer  shift 42
	TOK_Double  shift 43
	TOK_Char  shift 44
	TOK_String  shift 45
	TOK_TyBool  shift 46
	TOK_TyChar  shift 47
	TOK_TyInt  shift 48
	TOK_TyFloat  shift 49
	TOK_TRUE  shift 50
	TOK_FALSE  shift 51
	TOK_THIS  shift 52
	TOK_MUT  shift 60
	.  error

	bi_op_token  goto 68
	asgn_token  goto 69
	arrow_token  goto 70
	type_token  goto 71
	expr  goto 277
	literal  goto 79
	small_expr  goto 80
	atom_expr  goto 81


state 155
	stmt : assignment_op expr . TOK_SEMICOLON  (169)

	TOK_SEMICOLON  shift 278
	.  error


state 156
	expr : small_expr error .  (260)

	.  reduce 260


state 157
	expr : small_expr TOK_MINUS . expr  (250)

	TOK_LPAREN  shift 5
	TOK_EQ  shift 84
	TOK_EQGT  shift 8
	TOK_MINUSGT  shift 9
	TOK_MINUS  shift 10
	TOK_BANG  shift 11
	TOK_LT  shift 12
	TOK_LTEQ  shift 13
	TOK_GT  shift 14
	TOK_GTEQ  shift 15
	TOK_EQEQ  shift 16
	TOK_BANGEQ  shift 17
	TOK_LOR  shift 18
	TOK_LAND  shift 19
	TOK_LXOR  shift 20
	TOK_BOR  shift 21
	TOK_BAND  shift 22
	TOK_BXOR  shift 23
	TOK_LSHIFT  shift 24
	TOK_RSHIFT  shift 25
	TOK_ADD  shift 26
	TOK_MUL  shift 27
	TOK_DIV  shift 28
	TOK_MOD  shift 29
	TOK_BOREQ  shift 85
	TOK_BANDEQ  shift 86
	TOK_BXOREQ  shift 87
	TOK_LSHIFTEQ  shift 88
	TOK_RSHIFTEQ  shift 89
	TOK_ADDEQ  shift 90
	TOK_MINUSEQ  shift 91
	TOK_MULEQ  shift 92
	TOK_DIVEQ  shift 93
	TOK_MODEQ  shift 94
	TOK_UpperIdent  shift 40
	TOK_LowerIdent  shift 95
	TOK_Integer  shift 42
	TOK_Double  shift 43
	TOK_Char  shift 44
	TOK_String  shift 45
	TOK_TyBool  shift 46
	TOK_TyChar  shift 47
	TOK_TyInt  shift 48
	TOK_TyFloat  shift 49
	TOK_TRUE  shift 50
	TOK_FALSE  shift 51
	TOK_THIS  shift 52
	TOK_MUT  shift 60
	.  error

	bi_op_token  goto 68
	asgn_token  goto 69
	arrow_token  goto 70
	type_token  goto 71
	expr  goto 279
	literal  goto 79
	small_expr  goto 80
	atom_expr  goto 81


state 158
	expr : small_expr TOK_BANG .  (259)

	.  reduce 259


state 159
	expr : small_expr TOK_LT . expr  (235)

	TOK_LPAREN  shift 5
	TOK_EQ  shift 84
	TOK_EQGT  shift 8
	TOK_MINUSGT  shift 9
	TOK_MINUS  shift 10
	TOK_BANG  shift 11
	TOK_LT  shift 12
	TOK_LTEQ  shift 13
	TOK_GT  shift 14
	TOK_GTEQ  shift 15
	TOK_EQEQ  shift 16
	TOK_BANGEQ  shift 17
	TOK_LOR  shift 18
	TOK_LAND  shift 19
	TOK_LXOR  shift 20
	TOK_BOR  shift 21
	TOK_BAND  shift 22
	TOK_BXOR  shift 23
	TOK_LSHIFT  shift 24
	TOK_RSHIFT  shift 25
	TOK_ADD  shift 26
	TOK_MUL  shift 27
	TOK_DIV  shift 28
	TOK_MOD  shift 29
	TOK_BOREQ  shift 85
	TOK_BANDEQ  shift 86
	TOK_BXOREQ  shift 87
	TOK_LSHIFTEQ  shift 88
	TOK_RSHIFTEQ  shift 89
	TOK_ADDEQ  shift 90
	TOK_MINUSEQ  shift 91
	TOK_MULEQ  shift 92
	TOK_DIVEQ  shift 93
	TOK_MODEQ  shift 94
	TOK_UpperIdent  shift 40
	TOK_LowerIdent  shift 95
	TOK_Integer  shift 42
	TOK_Double  shift 43
	TOK_Char  shift 44
	TOK_String  shift 45
	TOK_TyBool  shift 46
	TOK_TyChar  shift 47
	TOK_TyInt  shift 48
	TOK_TyFloat  shift 49
	TOK_TRUE  shift 50
	TOK_FALSE  shift 51
	TOK_THIS  shift 52
	TOK_MUT  shift 60
	.  error

	bi_op_token  goto 68
	asgn_token  goto 69
	arrow_token  goto 70
	type_token  goto 71
	expr  goto 280
	literal  goto 79
	small_expr  goto 80
	atom_expr  goto 81


state 160
	expr : small_expr TOK_LTEQ . expr  (236)

	TOK_LPAREN  shift 5
	TOK_EQ  shift 84
	TOK_EQGT  shift 8
	TOK_MINUSGT  shift 9
	TOK_MINUS  shift 10
	TOK_BANG  shift 11
	TOK_LT  shift 12
	TOK_LTEQ  shift 13
	TOK_GT  shift 14
	TOK_GTEQ  shift 15
	TOK_EQEQ  shift 16
	TOK_BANGEQ  shift 17
	TOK_LOR  shift 18
	TOK_LAND  shift 19
	TOK_LXOR  shift 20
	TOK_BOR  shift 21
	TOK_BAND  shift 22
	TOK_BXOR  shift 23
	TOK_LSHIFT  shift 24
	TOK_RSHIFT  shift 25
	TOK_ADD  shift 26
	TOK_MUL  shift 27
	TOK_DIV  shift 28
	TOK_MOD  shift 29
	TOK_BOREQ  shift 85
	TOK_BANDEQ  shift 86
	TOK_BXOREQ  shift 87
	TOK_LSHIFTEQ  shift 88
	TOK_RSHIFTEQ  shift 89
	TOK_ADDEQ  shift 90
	TOK_MINUSEQ  shift 91
	TOK_MULEQ  shift 92
	TOK_DIVEQ  shift 93
	TOK_MODEQ  shift 94
	TOK_UpperIdent  shift 40
	TOK_LowerIdent  shift 95
	TOK_Integer  shift 42
	TOK_Double  shift 43
	TOK_Char  shift 44
	TOK_String  shift 45
	TOK_TyBool  shift 46
	TOK_TyChar  shift 47
	TOK_TyInt  shift 48
	TOK_TyFloat  shift 49
	TOK_TRUE  shift 50
	TOK_FALSE  shift 51
	TOK_THIS  shift 52
	TOK_MUT  shift 60
	.  error

	bi_op_token  goto 68
	asgn_token  goto 69
	arrow_token  goto 70
	type_token  goto 71
	expr  goto 281
	literal  goto 79
	small_expr  goto 80
	atom_expr  goto 81


state 161
	expr : small_expr TOK_GT . expr  (237)

	TOK_LPAREN  shift 5
	TOK_EQ  shift 84
	TOK_EQGT  shift 8
	TOK_MINUSGT  shift 9
	TOK_MINUS  shift 10
	TOK_BANG  shift 11
	TOK_LT  shift 12
	TOK_LTEQ  shift 13
	TOK_GT  shift 14
	TOK_GTEQ  shift 15
	TOK_EQEQ  shift 16
	TOK_BANGEQ  shift 17
	TOK_LOR  shift 18
	TOK_LAND  shift 19
	TOK_LXOR  shift 20
	TOK_BOR  shift 21
	TOK_BAND  shift 22
	TOK_BXOR  shift 23
	TOK_LSHIFT  shift 24
	TOK_RSHIFT  shift 25
	TOK_ADD  shift 26
	TOK_MUL  shift 27
	TOK_DIV  shift 28
	TOK_MOD  shift 29
	TOK_BOREQ  shift 85
	TOK_BANDEQ  shift 86
	TOK_BXOREQ  shift 87
	TOK_LSHIFTEQ  shift 88
	TOK_RSHIFTEQ  shift 89
	TOK_ADDEQ  shift 90
	TOK_MINUSEQ  shift 91
	TOK_MULEQ  shift 92
	TOK_DIVEQ  shift 93
	TOK_MODEQ  shift 94
	TOK_UpperIdent  shift 40
	TOK_LowerIdent  shift 95
	TOK_Integer  shift 42
	TOK_Double  shift 43
	TOK_Char  shift 44
	TOK_String  shift 45
	TOK_TyBool  shift 46
	TOK_TyChar  shift 47
	TOK_TyInt  shift 48
	TOK_TyFloat  shift 49
	TOK_TRUE  shift 50
	TOK_FALSE  shift 51
	TOK_THIS  shift 52
	TOK_MUT  shift 60
	.  error

	bi_op_token  goto 68
	asgn_token  goto 69
	arrow_token  goto 70
	type_token  goto 71
	expr  goto 282
	literal  goto 79
	small_expr  goto 80
	atom_expr  goto 81


state 162
	expr : small_expr TOK_GTEQ . expr  (238)

	TOK_LPAREN  shift 5
	TOK_EQ  shift 84
	TOK_EQGT  shift 8
	TOK_MINUSGT  shift 9
	TOK_MINUS  shift 10
	TOK_BANG  shift 11
	TOK_LT  shift 12
	TOK_LTEQ  shift 13
	TOK_GT  shift 14
	TOK_GTEQ  shift 15
	TOK_EQEQ  shift 16
	TOK_BANGEQ  shift 17
	TOK_LOR  shift 18
	TOK_LAND  shift 19
	TOK_LXOR  shift 20
	TOK_BOR  shift 21
	TOK_BAND  shift 22
	TOK_BXOR  shift 23
	TOK_LSHIFT  shift 24
	TOK_RSHIFT  shift 25
	TOK_ADD  shift 26
	TOK_MUL  shift 27
	TOK_DIV  shift 28
	TOK_MOD  shift 29
	TOK_BOREQ  shift 85
	TOK_BANDEQ  shift 86
	TOK_BXOREQ  shift 87
	TOK_LSHIFTEQ  shift 88
	TOK_RSHIFTEQ  shift 89
	TOK_ADDEQ  shift 90
	TOK_MINUSEQ  shift 91
	TOK_MULEQ  shift 92
	TOK_DIVEQ  shift 93
	TOK_MODEQ  shift 94
	TOK_UpperIdent  shift 40
	TOK_LowerIdent  shift 95
	TOK_Integer  shift 42
	TOK_Double  shift 43
	TOK_Char  shift 44
	TOK_String  shift 45
	TOK_TyBool  shift 46
	TOK_TyChar  shift 47
	TOK_TyInt  shift 48
	TOK_TyFloat  shift 49
	TOK_TRUE  shift 50
	TOK_FALSE  shift 51
	TOK_THIS  shift 52
	TOK_MUT  shift 60
	.  error

	bi_op_token  goto 68
	asgn_token  goto 69
	arrow_token  goto 70
	type_token  goto 71
	expr  goto 283
	literal  goto 79
	small_expr  goto 80
	atom_expr  goto 81


state 163
	expr : small_expr TOK_EQEQ . expr  (239)

	TOK_LPAREN  shift 5
	TOK_EQ  shift 84
	TOK_EQGT  shift 8
	TOK_MINUSGT  shift 9
	TOK_MINUS  shift 10
	TOK_BANG  shift 11
	TOK_LT  shift 12
	TOK_LTEQ  shift 13
	TOK_GT  shift 14
	TOK_GTEQ  shift 15
	TOK_EQEQ  shift 16
	TOK_BANGEQ  shift 17
	TOK_LOR  shift 18
	TOK_LAND  shift 19
	TOK_LXOR  shift 20
	TOK_BOR  shift 21
	TOK_BAND  shift 22
	TOK_BXOR  shift 23
	TOK_LSHIFT  shift 24
	TOK_RSHIFT  shift 25
	TOK_ADD  shift 26
	TOK_MUL  shift 27
	TOK_DIV  shift 28
	TOK_MOD  shift 29
	TOK_BOREQ  shift 85
	TOK_BANDEQ  shift 86
	TOK_BXOREQ  shift 87
	TOK_LSHIFTEQ  shift 88
	TOK_RSHIFTEQ  shift 89
	TOK_ADDEQ  shift 90
	TOK_MINUSEQ  shift 91
	TOK_MULEQ  shift 92
	TOK_DIVEQ  shift 93
	TOK_MODEQ  shift 94
	TOK_UpperIdent  shift 40
	TOK_LowerIdent  shift 95
	TOK_Integer  shift 42
	TOK_Double  shift 43
	TOK_Char  shift 44
	TOK_String  shift 45
	TOK_TyBool  shift 46
	TOK_TyChar  shift 47
	TOK_TyInt  shift 48
	TOK_TyFloat  shift 49
	TOK_TRUE  shift 50
	TOK_FALSE  shift 51
	TOK_THIS  shift 52
	TOK_MUT  shift 60
	.  error

	bi_op_token  goto 68
	asgn_token  goto 69
	arrow_token  goto 70
	type_token  goto 71
	expr  goto 284
	literal  goto 79
	small_expr  goto 80
	atom_expr  goto 81


state 164
	expr : small_expr TOK_BANGEQ . expr  (240)

	TOK_LPAREN  shift 5
	TOK_EQ  shift 84
	TOK_EQGT  shift 8
	TOK_MINUSGT  shift 9
	TOK_MINUS  shift 10
	TOK_BANG  shift 11
	TOK_LT  shift 12
	TOK_LTEQ  shift 13
	TOK_GT  shift 14
	TOK_GTEQ  shift 15
	TOK_EQEQ  shift 16
	TOK_BANGEQ  shift 17
	TOK_LOR  shift 18
	TOK_LAND  shift 19
	TOK_LXOR  shift 20
	TOK_BOR  shift 21
	TOK_BAND  shift 22
	TOK_BXOR  shift 23
	TOK_LSHIFT  shift 24
	TOK_RSHIFT  shift 25
	TOK_ADD  shift 26
	TOK_MUL  shift 27
	TOK_DIV  shift 28
	TOK_MOD  shift 29
	TOK_BOREQ  shift 85
	TOK_BANDEQ  shift 86
	TOK_BXOREQ  shift 87
	TOK_LSHIFTEQ  shift 88
	TOK_RSHIFTEQ  shift 89
	TOK_ADDEQ  shift 90
	TOK_MINUSEQ  shift 91
	TOK_MULEQ  shift 92
	TOK_DIVEQ  shift 93
	TOK_MODEQ  shift 94
	TOK_UpperIdent  shift 40
	TOK_LowerIdent  shift 95
	TOK_Integer  shift 42
	TOK_Double  shift 43
	TOK_Char  shift 44
	TOK_String  shift 45
	TOK_TyBool  shift 46
	TOK_TyChar  shift 47
	TOK_TyInt  shift 48
	TOK_TyFloat  shift 49
	TOK_TRUE  shift 50
	TOK_FALSE  shift 51
	TOK_THIS  shift 52
	TOK_MUT  shift 60
	.  error

	bi_op_token  goto 68
	asgn_token  goto 69
	arrow_token  goto 70
	type_token  goto 71
	expr  goto 285
	literal  goto 79
	small_expr  goto 80
	atom_expr  goto 81


state 165
	expr : small_expr TOK_LOR . expr  (241)

	TOK_LPAREN  shift 5
	TOK_EQ  shift 84
	TOK_EQGT  shift 8
	TOK_MINUSGT  shift 9
	TOK_MINUS  shift 10
	TOK_BANG  shift 11
	TOK_LT  shift 12
	TOK_LTEQ  shift 13
	TOK_GT  shift 14
	TOK_GTEQ  shift 15
	TOK_EQEQ  shift 16
	TOK_BANGEQ  shift 17
	TOK_LOR  shift 18
	TOK_LAND  shift 19
	TOK_LXOR  shift 20
	TOK_BOR  shift 21
	TOK_BAND  shift 22
	TOK_BXOR  shift 23
	TOK_LSHIFT  shift 24
	TOK_RSHIFT  shift 25
	TOK_ADD  shift 26
	TOK_MUL  shift 27
	TOK_DIV  shift 28
	TOK_MOD  shift 29
	TOK_BOREQ  shift 85
	TOK_BANDEQ  shift 86
	TOK_BXOREQ  shift 87
	TOK_LSHIFTEQ  shift 88
	TOK_RSHIFTEQ  shift 89
	TOK_ADDEQ  shift 90
	TOK_MINUSEQ  shift 91
	TOK_MULEQ  shift 92
	TOK_DIVEQ  shift 93
	TOK_MODEQ  shift 94
	TOK_UpperIdent  shift 40
	TOK_LowerIdent  shift 95
	TOK_Integer  shift 42
	TOK_Double  shift 43
	TOK_Char  shift 44
	TOK_String  shift 45
	TOK_TyBool  shift 46
	TOK_TyChar  shift 47
	TOK_TyInt  shift 48
	TOK_TyFloat  shift 49
	TOK_TRUE  shift 50
	TOK_FALSE  shift 51
	TOK_THIS  shift 52
	TOK_MUT  shift 60
	.  error

	bi_op_token  goto 68
	asgn_token  goto 69
	arrow_token  goto 70
	type_token  goto 71
	expr  goto 286
	literal  goto 79
	small_expr  goto 80
	atom_expr  goto 81


state 166
	expr : small_expr TOK_LAND . expr  (242)

	TOK_LPAREN  shift 5
	TOK_EQ  shift 84
	TOK_EQGT  shift 8
	TOK_MINUSGT  shift 9
	TOK_MINUS  shift 10
	TOK_BANG  shift 11
	TOK_LT  shift 12
	TOK_LTEQ  shift 13
	TOK_GT  shift 14
	TOK_GTEQ  shift 15
	TOK_EQEQ  shift 16
	TOK_BANGEQ  shift 17
	TOK_LOR  shift 18
	TOK_LAND  shift 19
	TOK_LXOR  shift 20
	TOK_BOR  shift 21
	TOK_BAND  shift 22
	TOK_BXOR  shift 23
	TOK_LSHIFT  shift 24
	TOK_RSHIFT  shift 25
	TOK_ADD  shift 26
	TOK_MUL  shift 27
	TOK_DIV  shift 28
	TOK_MOD  shift 29
	TOK_BOREQ  shift 85
	TOK_BANDEQ  shift 86
	TOK_BXOREQ  shift 87
	TOK_LSHIFTEQ  shift 88
	TOK_RSHIFTEQ  shift 89
	TOK_ADDEQ  shift 90
	TOK_MINUSEQ  shift 91
	TOK_MULEQ  shift 92
	TOK_DIVEQ  shift 93
	TOK_MODEQ  shift 94
	TOK_UpperIdent  shift 40
	TOK_LowerIdent  shift 95
	TOK_Integer  shift 42
	TOK_Double  shift 43
	TOK_Char  shift 44
	TOK_String  shift 45
	TOK_TyBool  shift 46
	TOK_TyChar  shift 47
	TOK_TyInt  shift 48
	TOK_TyFloat  shift 49
	TOK_TRUE  shift 50
	TOK_FALSE  shift 51
	TOK_THIS  shift 52
	TOK_MUT  shift 60
	.  error

	bi_op_token  goto 68
	asgn_token  goto 69
	arrow_token  goto 70
	type_token  goto 71
	expr  goto 287
	literal  goto 79
	small_expr  goto 80
	atom_expr  goto 81


state 167
	expr : small_expr TOK_LXOR . expr  (243)

	TOK_LPAREN  shift 5
	TOK_EQ  shift 84
	TOK_EQGT  shift 8
	TOK_MINUSGT  shift 9
	TOK_MINUS  shift 10
	TOK_BANG  shift 11
	TOK_LT  shift 12
	TOK_LTEQ  shift 13
	TOK_GT  shift 14
	TOK_GTEQ  shift 15
	TOK_EQEQ  shift 16
	TOK_BANGEQ  shift 17
	TOK_LOR  shift 18
	TOK_LAND  shift 19
	TOK_LXOR  shift 20
	TOK_BOR  shift 21
	TOK_BAND  shift 22
	TOK_BXOR  shift 23
	TOK_LSHIFT  shift 24
	TOK_RSHIFT  shift 25
	TOK_ADD  shift 26
	TOK_MUL  shift 27
	TOK_DIV  shift 28
	TOK_MOD  shift 29
	TOK_BOREQ  shift 85
	TOK_BANDEQ  shift 86
	TOK_BXOREQ  shift 87
	TOK_LSHIFTEQ  shift 88
	TOK_RSHIFTEQ  shift 89
	TOK_ADDEQ  shift 90
	TOK_MINUSEQ  shift 91
	TOK_MULEQ  shift 92
	TOK_DIVEQ  shift 93
	TOK_MODEQ  shift 94
	TOK_UpperIdent  shift 40
	TOK_LowerIdent  shift 95
	TOK_Integer  shift 42
	TOK_Double  shift 43
	TOK_Char  shift 44
	TOK_String  shift 45
	TOK_TyBool  shift 46
	TOK_TyChar  shift 47
	TOK_TyInt  shift 48
	TOK_TyFloat  shift 49
	TOK_TRUE  shift 50
	TOK_FALSE  shift 51
	TOK_THIS  shift 52
	TOK_MUT  shift 60
	.  error

	bi_op_token  goto 68
	asgn_token  goto 69
	arrow_token  goto 70
	type_token  goto 71
	expr  goto 288
	literal  goto 79
	small_expr  goto 80
	atom_expr  goto 81


state 168
	expr : small_expr TOK_BOR . expr  (244)

	TOK_LPAREN  shift 5
	TOK_EQ  shift 84
	TOK_EQGT  shift 8
	TOK_MINUSGT  shift 9
	TOK_MINUS  shift 10
	TOK_BANG  shift 11
	TOK_LT  shift 12
	TOK_LTEQ  shift 13
	TOK_GT  shift 14
	TOK_GTEQ  shift 15
	TOK_EQEQ  shift 16
	TOK_BANGEQ  shift 17
	TOK_LOR  shift 18
	TOK_LAND  shift 19
	TOK_LXOR  shift 20
	TOK_BOR  shift 21
	TOK_BAND  shift 22
	TOK_BXOR  shift 23
	TOK_LSHIFT  shift 24
	TOK_RSHIFT  shift 25
	TOK_ADD  shift 26
	TOK_MUL  shift 27
	TOK_DIV  shift 28
	TOK_MOD  shift 29
	TOK_BOREQ  shift 85
	TOK_BANDEQ  shift 86
	TOK_BXOREQ  shift 87
	TOK_LSHIFTEQ  shift 88
	TOK_RSHIFTEQ  shift 89
	TOK_ADDEQ  shift 90
	TOK_MINUSEQ  shift 91
	TOK_MULEQ  shift 92
	TOK_DIVEQ  shift 93
	TOK_MODEQ  shift 94
	TOK_UpperIdent  shift 40
	TOK_LowerIdent  shift 95
	TOK_Integer  shift 42
	TOK_Double  shift 43
	TOK_Char  shift 44
	TOK_String  shift 45
	TOK_TyBool  shift 46
	TOK_TyChar  shift 47
	TOK_TyInt  shift 48
	TOK_TyFloat  shift 49
	TOK_TRUE  shift 50
	TOK_FALSE  shift 51
	TOK_THIS  shift 52
	TOK_MUT  shift 60
	.  error

	bi_op_token  goto 68
	asgn_token  goto 69
	arrow_token  goto 70
	type_token  goto 71
	expr  goto 289
	literal  goto 79
	small_expr  goto 80
	atom_expr  goto 81


state 169
	expr : small_expr TOK_BAND . expr  (245)

	TOK_LPAREN  shift 5
	TOK_EQ  shift 84
	TOK_EQGT  shift 8
	TOK_MINUSGT  shift 9
	TOK_MINUS  shift 10
	TOK_BANG  shift 11
	TOK_LT  shift 12
	TOK_LTEQ  shift 13
	TOK_GT  shift 14
	TOK_GTEQ  shift 15
	TOK_EQEQ  shift 16
	TOK_BANGEQ  shift 17
	TOK_LOR  shift 18
	TOK_LAND  shift 19
	TOK_LXOR  shift 20
	TOK_BOR  shift 21
	TOK_BAND  shift 22
	TOK_BXOR  shift 23
	TOK_LSHIFT  shift 24
	TOK_RSHIFT  shift 25
	TOK_ADD  shift 26
	TOK_MUL  shift 27
	TOK_DIV  shift 28
	TOK_MOD  shift 29
	TOK_BOREQ  shift 85
	TOK_BANDEQ  shift 86
	TOK_BXOREQ  shift 87
	TOK_LSHIFTEQ  shift 88
	TOK_RSHIFTEQ  shift 89
	TOK_ADDEQ  shift 90
	TOK_MINUSEQ  shift 91
	TOK_MULEQ  shift 92
	TOK_DIVEQ  shift 93
	TOK_MODEQ  shift 94
	TOK_UpperIdent  shift 40
	TOK_LowerIdent  shift 95
	TOK_Integer  shift 42
	TOK_Double  shift 43
	TOK_Char  shift 44
	TOK_String  shift 45
	TOK_TyBool  shift 46
	TOK_TyChar  shift 47
	TOK_TyInt  shift 48
	TOK_TyFloat  shift 49
	TOK_TRUE  shift 50
	TOK_FALSE  shift 51
	TOK_THIS  shift 52
	TOK_MUT  shift 60
	.  error

	bi_op_token  goto 68
	asgn_token  goto 69
	arrow_token  goto 70
	type_token  goto 71
	expr  goto 290
	literal  goto 79
	small_expr  goto 80
	atom_expr  goto 81


state 170
	expr : small_expr TOK_BXOR . expr  (246)

	TOK_LPAREN  shift 5
	TOK_EQ  shift 84
	TOK_EQGT  shift 8
	TOK_MINUSGT  shift 9
	TOK_MINUS  shift 10
	TOK_BANG  shift 11
	TOK_LT  shift 12
	TOK_LTEQ  shift 13
	TOK_GT  shift 14
	TOK_GTEQ  shift 15
	TOK_EQEQ  shift 16
	TOK_BANGEQ  shift 17
	TOK_LOR  shift 18
	TOK_LAND  shift 19
	TOK_LXOR  shift 20
	TOK_BOR  shift 21
	TOK_BAND  shift 22
	TOK_BXOR  shift 23
	TOK_LSHIFT  shift 24
	TOK_RSHIFT  shift 25
	TOK_ADD  shift 26
	TOK_MUL  shift 27
	TOK_DIV  shift 28
	TOK_MOD  shift 29
	TOK_BOREQ  shift 85
	TOK_BANDEQ  shift 86
	TOK_BXOREQ  shift 87
	TOK_LSHIFTEQ  shift 88
	TOK_RSHIFTEQ  shift 89
	TOK_ADDEQ  shift 90
	TOK_MINUSEQ  shift 91
	TOK_MULEQ  shift 92
	TOK_DIVEQ  shift 93
	TOK_MODEQ  shift 94
	TOK_UpperIdent  shift 40
	TOK_LowerIdent  shift 95
	TOK_Integer  shift 42
	TOK_Double  shift 43
	TOK_Char  shift 44
	TOK_String  shift 45
	TOK_TyBool  shift 46
	TOK_TyChar  shift 47
	TOK_TyInt  shift 48
	TOK_TyFloat  shift 49
	TOK_TRUE  shift 50
	TOK_FALSE  shift 51
	TOK_THIS  shift 52
	TOK_MUT  shift 60
	.  error

	bi_op_token  goto 68
	asgn_token  goto 69
	arrow_token  goto 70
	type_token  goto 71
	expr  goto 291
	literal  goto 79
	small_expr  goto 80
	atom_expr  goto 81


state 171
	expr : small_expr TOK_LSHIFT . expr  (247)

	TOK_LPAREN  shift 5
	TOK_EQ  shift 84
	TOK_EQGT  shift 8
	TOK_MINUSGT  shift 9
	TOK_MINUS  shift 10
	TOK_BANG  shift 11
	TOK_LT  shift 12
	TOK_LTEQ  shift 13
	TOK_GT  shift 14
	TOK_GTEQ  shift 15
	TOK_EQEQ  shift 16
	TOK_BANGEQ  shift 17
	TOK_LOR  shift 18
	TOK_LAND  shift 19
	TOK_LXOR  shift 20
	TOK_BOR  shift 21
	TOK_BAND  shift 22
	TOK_BXOR  shift 23
	TOK_LSHIFT  shift 24
	TOK_RSHIFT  shift 25
	TOK_ADD  shift 26
	TOK_MUL  shift 27
	TOK_DIV  shift 28
	TOK_MOD  shift 29
	TOK_BOREQ  shift 85
	TOK_BANDEQ  shift 86
	TOK_BXOREQ  shift 87
	TOK_LSHIFTEQ  shift 88
	TOK_RSHIFTEQ  shift 89
	TOK_ADDEQ  shift 90
	TOK_MINUSEQ  shift 91
	TOK_MULEQ  shift 92
	TOK_DIVEQ  shift 93
	TOK_MODEQ  shift 94
	TOK_UpperIdent  shift 40
	TOK_LowerIdent  shift 95
	TOK_Integer  shift 42
	TOK_Double  shift 43
	TOK_Char  shift 44
	TOK_String  shift 45
	TOK_TyBool  shift 46
	TOK_TyChar  shift 47
	TOK_TyInt  shift 48
	TOK_TyFloat  shift 49
	TOK_TRUE  shift 50
	TOK_FALSE  shift 51
	TOK_THIS  shift 52
	TOK_MUT  shift 60
	.  error

	bi_op_token  goto 68
	asgn_token  goto 69
	arrow_token  goto 70
	type_token  goto 71
	expr  goto 292
	literal  goto 79
	small_expr  goto 80
	atom_expr  goto 81


state 172
	expr : small_expr TOK_RSHIFT . expr  (248)

	TOK_LPAREN  shift 5
	TOK_EQ  shift 84
	TOK_EQGT  shift 8
	TOK_MINUSGT  shift 9
	TOK_MINUS  shift 10
	TOK_BANG  shift 11
	TOK_LT  shift 12
	TOK_LTEQ  shift 13
	TOK_GT  shift 14
	TOK_GTEQ  shift 15
	TOK_EQEQ  shift 16
	TOK_BANGEQ  shift 17
	TOK_LOR  shift 18
	TOK_LAND  shift 19
	TOK_LXOR  shift 20
	TOK_BOR  shift 21
	TOK_BAND  shift 22
	TOK_BXOR  shift 23
	TOK_LSHIFT  shift 24
	TOK_RSHIFT  shift 25
	TOK_ADD  shift 26
	TOK_MUL  shift 27
	TOK_DIV  shift 28
	TOK_MOD  shift 29
	TOK_BOREQ  shift 85
	TOK_BANDEQ  shift 86
	TOK_BXOREQ  shift 87
	TOK_LSHIFTEQ  shift 88
	TOK_RSHIFTEQ  shift 89
	TOK_ADDEQ  shift 90
	TOK_MINUSEQ  shift 91
	TOK_MULEQ  shift 92
	TOK_DIVEQ  shift 93
	TOK_MODEQ  shift 94
	TOK_UpperIdent  shift 40
	TOK_LowerIdent  shift 95
	TOK_Integer  shift 42
	TOK_Double  shift 43
	TOK_Char  shift 44
	TOK_String  shift 45
	TOK_TyBool  shift 46
	TOK_TyChar  shift 47
	TOK_TyInt  shift 48
	TOK_TyFloat  shift 49
	TOK_TRUE  shift 50
	TOK_FALSE  shift 51
	TOK_THIS  shift 52
	TOK_MUT  shift 60
	.  error

	bi_op_token  goto 68
	asgn_token  goto 69
	arrow_token  goto 70
	type_token  goto 71
	expr  goto 293
	literal  goto 79
	small_expr  goto 80
	atom_expr  goto 81


state 173
	expr : small_expr TOK_ADD . expr  (249)

	TOK_LPAREN  shift 5
	TOK_EQ  shift 84
	TOK_EQGT  shift 8
	TOK_MINUSGT  shift 9
	TOK_MINUS  shift 10
	TOK_BANG  shift 11
	TOK_LT  shift 12
	TOK_LTEQ  shift 13
	TOK_GT  shift 14
	TOK_GTEQ  shift 15
	TOK_EQEQ  shift 16
	TOK_BANGEQ  shift 17
	TOK_LOR  shift 18
	TOK_LAND  shift 19
	TOK_LXOR  shift 20
	TOK_BOR  shift 21
	TOK_BAND  shift 22
	TOK_BXOR  shift 23
	TOK_LSHIFT  shift 24
	TOK_RSHIFT  shift 25
	TOK_ADD  shift 26
	TOK_MUL  shift 27
	TOK_DIV  shift 28
	TOK_MOD  shift 29
	TOK_BOREQ  shift 85
	TOK_BANDEQ  shift 86
	TOK_BXOREQ  shift 87
	TOK_LSHIFTEQ  shift 88
	TOK_RSHIFTEQ  shift 89
	TOK_ADDEQ  shift 90
	TOK_MINUSEQ  shift 91
	TOK_MULEQ  shift 92
	TOK_DIVEQ  shift 93
	TOK_MODEQ  shift 94
	TOK_UpperIdent  shift 40
	TOK_LowerIdent  shift 95
	TOK_Integer  shift 42
	TOK_Double  shift 43
	TOK_Char  shift 44
	TOK_String  shift 45
	TOK_TyBool  shift 46
	TOK_TyChar  shift 47
	TOK_TyInt  shift 48
	TOK_TyFloat  shift 49
	TOK_TRUE  shift 50
	TOK_FALSE  shift 51
	TOK_THIS  shift 52
	TOK_MUT  shift 60
	.  error

	bi_op_token  goto 68
	asgn_token  goto 69
	arrow_token  goto 70
	type_token  goto 71
	expr  goto 294
	literal  goto 79
	small_expr  goto 80
	atom_expr  goto 81


state 174
	expr : small_expr TOK_MUL . expr  (251)

	TOK_LPAREN  shift 5
	TOK_EQ  shift 84
	TOK_EQGT  shift 8
	TOK_MINUSGT  shift 9
	TOK_MINUS  shift 10
	TOK_BANG  shift 11
	TOK_LT  shift 12
	TOK_LTEQ  shift 13
	TOK_GT  shift 14
	TOK_GTEQ  shift 15
	TOK_EQEQ  shift 16
	TOK_BANGEQ  shift 17
	TOK_LOR  shift 18
	TOK_LAND  shift 19
	TOK_LXOR  shift 20
	TOK_BOR  shift 21
	TOK_BAND  shift 22
	TOK_BXOR  shift 23
	TOK_LSHIFT  shift 24
	TOK_RSHIFT  shift 25
	TOK_ADD  shift 26
	TOK_MUL  shift 27
	TOK_DIV  shift 28
	TOK_MOD  shift 29
	TOK_BOREQ  shift 85
	TOK_BANDEQ  shift 86
	TOK_BXOREQ  shift 87
	TOK_LSHIFTEQ  shift 88
	TOK_RSHIFTEQ  shift 89
	TOK_ADDEQ  shift 90
	TOK_MINUSEQ  shift 91
	TOK_MULEQ  shift 92
	TOK_DIVEQ  shift 93
	TOK_MODEQ  shift 94
	TOK_UpperIdent  shift 40
	TOK_LowerIdent  shift 95
	TOK_Integer  shift 42
	TOK_Double  shift 43
	TOK_Char  shift 44
	TOK_String  shift 45
	TOK_TyBool  shift 46
	TOK_TyChar  shift 47
	TOK_TyInt  shift 48
	TOK_TyFloat  shift 49
	TOK_TRUE  shift 50
	TOK_FALSE  shift 51
	TOK_THIS  shift 52
	TOK_MUT  shift 60
	.  error

	bi_op_token  goto 68
	asgn_token  goto 69
	arrow_token  goto 70
	type_token  goto 71
	expr  goto 295
	literal  goto 79
	small_expr  goto 80
	atom_expr  goto 81


state 175
	expr : small_expr TOK_DIV . expr  (252)

	TOK_LPAREN  shift 5
	TOK_EQ  shift 84
	TOK_EQGT  shift 8
	TOK_MINUSGT  shift 9
	TOK_MINUS  shift 10
	TOK_BANG  shift 11
	TOK_LT  shift 12
	TOK_LTEQ  shift 13
	TOK_GT  shift 14
	TOK_GTEQ  shift 15
	TOK_EQEQ  shift 16
	TOK_BANGEQ  shift 17
	TOK_LOR  shift 18
	TOK_LAND  shift 19
	TOK_LXOR  shift 20
	TOK_BOR  shift 21
	TOK_BAND  shift 22
	TOK_BXOR  shift 23
	TOK_LSHIFT  shift 24
	TOK_RSHIFT  shift 25
	TOK_ADD  shift 26
	TOK_MUL  shift 27
	TOK_DIV  shift 28
	TOK_MOD  shift 29
	TOK_BOREQ  shift 85
	TOK_BANDEQ  shift 86
	TOK_BXOREQ  shift 87
	TOK_LSHIFTEQ  shift 88
	TOK_RSHIFTEQ  shift 89
	TOK_ADDEQ  shift 90
	TOK_MINUSEQ  shift 91
	TOK_MULEQ  shift 92
	TOK_DIVEQ  shift 93
	TOK_MODEQ  shift 94
	TOK_UpperIdent  shift 40
	TOK_LowerIdent  shift 95
	TOK_Integer  shift 42
	TOK_Double  shift 43
	TOK_Char  shift 44
	TOK_String  shift 45
	TOK_TyBool  shift 46
	TOK_TyChar  shift 47
	TOK_TyInt  shift 48
	TOK_TyFloat  shift 49
	TOK_TRUE  shift 50
	TOK_FALSE  shift 51
	TOK_THIS  shift 52
	TOK_MUT  shift 60
	.  error

	bi_op_token  goto 68
	asgn_token  goto 69
	arrow_token  goto 70
	type_token  goto 71
	expr  goto 296
	literal  goto 79
	small_expr  goto 80
	atom_expr  goto 81


state 176
	expr : small_expr TOK_MOD . expr  (253)

	TOK_LPAREN  shift 5
	TOK_EQ  shift 84
	TOK_EQGT  shift 8
	TOK_MINUSGT  shift 9
	TOK_MINUS  shift 10
	TOK_BANG  shift 11
	TOK_LT  shift 12
	TOK_LTEQ  shift 13
	TOK_GT  shift 14
	TOK_GTEQ  shift 15
	TOK_EQEQ  shift 16
	TOK_BANGEQ  shift 17
	TOK_LOR  shift 18
	TOK_LAND  shift 19
	TOK_LXOR  shift 20
	TOK_BOR  shift 21
	TOK_BAND  shift 22
	TOK_BXOR  shift 23
	TOK_LSHIFT  shift 24
	TOK_RSHIFT  shift 25
	TOK_ADD  shift 26
	TOK_MUL  shift 27
	TOK_DIV  shift 28
	TOK_MOD  shift 29
	TOK_BOREQ  shift 85
	TOK_BANDEQ  shift 86
	TOK_BXOREQ  shift 87
	TOK_LSHIFTEQ  shift 88
	TOK_RSHIFTEQ  shift 89
	TOK_ADDEQ  shift 90
	TOK_MINUSEQ  shift 91
	TOK_MULEQ  shift 92
	TOK_DIVEQ  shift 93
	TOK_MODEQ  shift 94
	TOK_UpperIdent  shift 40
	TOK_LowerIdent  shift 95
	TOK_Integer  shift 42
	TOK_Double  shift 43
	TOK_Char  shift 44
	TOK_String  shift 45
	TOK_TyBool  shift 46
	TOK_TyChar  shift 47
	TOK_TyInt  shift 48
	TOK_TyFloat  shift 49
	TOK_TRUE  shift 50
	TOK_FALSE  shift 51
	TOK_THIS  shift 52
	TOK_MUT  shift 60
	.  error

	bi_op_token  goto 68
	asgn_token  goto 69
	arrow_token  goto 70
	type_token  goto 71
	expr  goto 297
	literal  goto 79
	small_expr  goto 80
	atom_expr  goto 81


state 177
	expr : small_expr TOK_UpperIdent .  (257)

	.  reduce 257


state 178
	expr : small_expr TOK_LowerIdent .  (256)

	.  reduce 256


state 179
	keyword_token : TOK_AS .  (33)

	.  reduce 33


state 180
	keyword_token : TOK_IF .  (34)

	.  reduce 34


state 181
	keyword_token : TOK_ELSE .  (35)

	.  reduce 35


state 182
	keyword_token : TOK_WHILE .  (36)

	.  reduce 36


state 183
	keyword_token : TOK_FOR .  (37)

	.  reduce 37


state 184
	keyword_token : TOK_BREAK .  (38)

	.  reduce 38


state 185
	keyword_token : TOK_CONTINUE .  (39)

	.  reduce 39


state 186
	keyword_token : TOK_LET .  (40)

	.  reduce 40


state 187
	keyword_token : TOK_MUT .  (41)

	.  reduce 41


state 188
	keyword_token : TOK_IN .  (42)

	.  reduce 42


state 189
	keyword_token : TOK_MATCH .  (43)

	.  reduce 43


state 190
	keyword_token : TOK_FUN .  (44)

	.  reduce 44


state 191
	keyword_token : TOK_RETURN .  (45)

	.  reduce 45


state 192
	keyword_token : TOK_INTERFACE .  (46)

	.  reduce 46


state 193
	keyword_token : TOK_IMPL .  (47)

	.  reduce 47


state 194
	keyword_token : TOK_EXTENDS .  (48)

	.  reduce 48


state 195
	keyword_token : TOK_TYPE .  (32)

	.  reduce 32


state 196
	expr : small_expr keyword_token .  (255)

	.  reduce 255


state 197
	expr : small_expr arrow_token .  (254)

	.  reduce 254


state 198
	expr : small_expr type_token .  (258)

	.  reduce 258


state 199
	atom_expr : atom_expr TOK_DOT . TOK_LowerIdent  (278)
	atom_expr : atom_expr TOK_DOT . TOK_UpperIdent  (279)
	atom_expr : atom_expr TOK_DOT . non_ident_token  (280)
	atom_expr : atom_expr TOK_DOT . TOK_LowerIdent TOK_LPAREN expr_list TOK_RPAREN  (281)
	atom_expr : atom_expr TOK_DOT . TOK_LowerIdent TOK_LPAREN error  (285)

	TOK_LPAREN  shift 210
	TOK_RPAREN  shift 211
	TOK_LBRACK  shift 212
	TOK_RBRACK  shift 213
	TOK_LBRACE  shift 298
	TOK_RBRACE  shift 299
	TOK_COLON  shift 214
	TOK_COMMA  shift 215
	TOK_SEMICOLON  shift 216
	TOK_EQ  shift 84
	TOK_EQGT  shift 8
	TOK_MINUSGT  shift 9
	TOK_DOT  shift 217
	TOK_UNDERSCORE  shift 218
	TOK_MINUS  shift 219
	TOK_BANG  shift 220
	TOK_LT  shift 12
	TOK_LTEQ  shift 13
	TOK_GT  shift 14
	TOK_GTEQ  shift 15
	TOK_EQEQ  shift 16
	TOK_BANGEQ  shift 17
	TOK_LOR  shift 18
	TOK_LAND  shift 19
	TOK_LXOR  shift 20
	TOK_BOR  shift 21
	TOK_BAND  shift 22
	TOK_BXOR  shift 23
	TOK_LSHIFT  shift 24
	TOK_RSHIFT  shift 25
	TOK_ADD  shift 26
	TOK_MUL  shift 27
	TOK_DIV  shift 28
	TOK_MOD  shift 29
	TOK_BOREQ  shift 85
	TOK_BANDEQ  shift 86
	TOK_BXOREQ  shift 87
	TOK_LSHIFTEQ  shift 88
	TOK_RSHIFTEQ  shift 89
	TOK_ADDEQ  shift 90
	TOK_MINUSEQ  shift 91
	TOK_MULEQ  shift 92
	TOK_DIVEQ  shift 93
	TOK_MODEQ  shift 94
	TOK_UpperIdent  shift 300
	TOK_LowerIdent  shift 301
	TOK_Integer  shift 223
	TOK_Double  shift 224
	TOK_Char  shift 225
	TOK_String  shift 226
	TOK_TyBool  shift 46
	TOK_TyChar  shift 47
	TOK_TyInt  shift 48
	TOK_TyFloat  shift 49
	TOK_TRUE  shift 227
	TOK_FALSE  shift 228
	TOK_THIS  shift 229
	TOK_AS  shift 179
	TOK_IF  shift 180
	TOK_ELSE  shift 181
	TOK_WHILE  shift 182
	TOK_FOR  shift 183
	TOK_BREAK  shift 184
	TOK_CONTINUE  shift 185
	TOK_LET  shift 186
	TOK_MUT  shift 187
	TOK_IN  shift 188
	TOK_MATCH  shift 189
	TOK_FUN  shift 190
	TOK_RETURN  shift 191
	TOK_INTERFACE  shift 192
	TOK_IMPL  shift 193
	TOK_EXTENDS  shift 194
	TOK_TYPE  shift 195
	.  error

	brace_token  goto 302
	bi_op_token  goto 303
	asgn_token  goto 304
	keyword_token  goto 305
	arrow_token  goto 306
	type_token  goto 307
	other_token  goto 308
	non_ident_token  goto 309


state 200
	expr_list : expr TOK_COMMA . expr_list  (295)
	expr_list : .  (293)

	TOK_LPAREN  shift 5
	TOK_EQ  shift 84
	TOK_EQGT  shift 8
	TOK_MINUSGT  shift 9
	TOK_MINUS  shift 10
	TOK_BANG  shift 11
	TOK_LT  shift 12
	TOK_LTEQ  shift 13
	TOK_GT  shift 14
	TOK_GTEQ  shift 15
	TOK_EQEQ  shift 16
	TOK_BANGEQ  shift 17
	TOK_LOR  shift 18
	TOK_LAND  shift 19
	TOK_LXOR  shift 20
	TOK_BOR  shift 21
	TOK_BAND  shift 22
	TOK_BXOR  shift 23
	TOK_LSHIFT  shift 24
	TOK_RSHIFT  shift 25
	TOK_ADD  shift 26
	TOK_MUL  shift 27
	TOK_DIV  shift 28
	TOK_MOD  shift 29
	TOK_BOREQ  shift 85
	TOK_BANDEQ  shift 86
	TOK_BXOREQ  shift 87
	TOK_LSHIFTEQ  shift 88
	TOK_RSHIFTEQ  shift 89
	TOK_ADDEQ  shift 90
	TOK_MINUSEQ  shift 91
	TOK_MULEQ  shift 92
	TOK_DIVEQ  shift 93
	TOK_MODEQ  shift 94
	TOK_UpperIdent  shift 40
	TOK_LowerIdent  shift 95
	TOK_Integer  shift 42
	TOK_Double  shift 43
	TOK_Char  shift 44
	TOK_String  shift 45
	TOK_TyBool  shift 46
	TOK_TyChar  shift 47
	TOK_TyInt  shift 48
	TOK_TyFloat  shift 49
	TOK_TRUE  shift 50
	TOK_FALSE  shift 51
	TOK_THIS  shift 52
	TOK_MUT  shift 60
	TOK_RPAREN  reduce 293

	bi_op_token  goto 68
	asgn_token  goto 69
	arrow_token  goto 70
	type_token  goto 71
	expr  goto 96
	literal  goto 79
	small_expr  goto 80
	atom_expr  goto 81
	expr_list  goto 310


state 201
	atom_expr : TOK_LPAREN expr_list TOK_RPAREN .  (274)

	.  reduce 274


state 202
	pattern : variable_pattern .  (208)

	.  reduce 208


203: reduce/reduce conflict (reduce 177, reduce 182) on error
203: reduce/reduce conflict (reduce 177, reduce 182) on TOK_LPAREN
203: reduce/reduce conflict (reduce 177, reduce 182) on TOK_LBRACE
203: reduce/reduce conflict (reduce 177, reduce 182) on TOK_RBRACE
203: reduce/reduce conflict (reduce 177, reduce 182) on TOK_EQ
203: reduce/reduce conflict (reduce 177, reduce 182) on TOK_EQGT
203: reduce/reduce conflict (reduce 177, reduce 182) on TOK_MINUSGT
203: reduce/reduce conflict (reduce 177, reduce 182) on TOK_MINUS
203: reduce/reduce conflict (reduce 177, reduce 182) on TOK_BANG
203: reduce/reduce conflict (reduce 177, reduce 182) on TOK_LT
203: reduce/reduce conflict (reduce 177, reduce 182) on TOK_LTEQ
203: reduce/reduce conflict (reduce 177, reduce 182) on TOK_GT
203: reduce/reduce conflict (reduce 177, reduce 182) on TOK_GTEQ
203: reduce/reduce conflict (reduce 177, reduce 182) on TOK_EQEQ
203: reduce/reduce conflict (reduce 177, reduce 182) on TOK_BANGEQ
203: reduce/reduce conflict (reduce 177, reduce 182) on TOK_LOR
203: reduce/reduce conflict (reduce 177, reduce 182) on TOK_LAND
203: reduce/reduce conflict (reduce 177, reduce 182) on TOK_LXOR
203: reduce/reduce conflict (reduce 177, reduce 182) on TOK_BOR
203: reduce/reduce conflict (reduce 177, reduce 182) on TOK_BAND
203: reduce/reduce conflict (reduce 177, reduce 182) on TOK_BXOR
203: reduce/reduce conflict (reduce 177, reduce 182) on TOK_LSHIFT
203: reduce/reduce conflict (reduce 177, reduce 182) on TOK_RSHIFT
203: reduce/reduce conflict (reduce 177, reduce 182) on TOK_ADD
203: reduce/reduce conflict (reduce 177, reduce 182) on TOK_MUL
203: reduce/reduce conflict (reduce 177, reduce 182) on TOK_DIV
203: reduce/reduce conflict (reduce 177, reduce 182) on TOK_MOD
203: reduce/reduce conflict (reduce 177, reduce 182) on TOK_BOREQ
203: reduce/reduce conflict (reduce 177, reduce 182) on TOK_BANDEQ
203: reduce/reduce conflict (reduce 177, reduce 182) on TOK_BXOREQ
203: reduce/reduce conflict (reduce 177, reduce 182) on TOK_LSHIFTEQ
203: reduce/reduce conflict (reduce 177, reduce 182) on TOK_RSHIFTEQ
203: reduce/reduce conflict (reduce 177, reduce 182) on TOK_ADDEQ
203: reduce/reduce conflict (reduce 177, reduce 182) on TOK_MINUSEQ
203: reduce/reduce conflict (reduce 177, reduce 182) on TOK_MULEQ
203: reduce/reduce conflict (reduce 177, reduce 182) on TOK_DIVEQ
203: reduce/reduce conflict (reduce 177, reduce 182) on TOK_MODEQ
203: reduce/reduce conflict (reduce 177, reduce 182) on TOK_UpperIdent
203: reduce/reduce conflict (reduce 177, reduce 182) on TOK_LowerIdent
203: reduce/reduce conflict (reduce 177, reduce 182) on TOK_Integer
203: reduce/reduce conflict (reduce 177, reduce 182) on TOK_Double
203: reduce/reduce conflict (reduce 177, reduce 182) on TOK_Char
203: reduce/reduce conflict (reduce 177, reduce 182) on TOK_String
203: reduce/reduce conflict (reduce 177, reduce 182) on TOK_TyBool
203: reduce/reduce conflict (reduce 177, reduce 182) on TOK_TyChar
203: reduce/reduce conflict (reduce 177, reduce 182) on TOK_TyInt
203: reduce/reduce conflict (reduce 177, reduce 182) on TOK_TyFloat
203: reduce/reduce conflict (reduce 177, reduce 182) on TOK_TRUE
203: reduce/reduce conflict (reduce 177, reduce 182) on TOK_FALSE
203: reduce/reduce conflict (reduce 177, reduce 182) on TOK_THIS
203: reduce/reduce conflict (reduce 177, reduce 182) on TOK_IF
203: reduce/reduce conflict (reduce 177, reduce 182) on TOK_ELSE
203: reduce/reduce conflict (reduce 177, reduce 182) on TOK_WHILE
203: reduce/reduce conflict (reduce 177, reduce 182) on TOK_FOR
203: reduce/reduce conflict (reduce 177, reduce 182) on TOK_BREAK
203: reduce/reduce conflict (reduce 177, reduce 182) on TOK_CONTINUE
203: reduce/reduce conflict (reduce 177, reduce 182) on TOK_LET
203: reduce/reduce conflict (reduce 177, reduce 182) on TOK_MUT
203: reduce/reduce conflict (reduce 177, reduce 182) on TOK_MATCH
203: reduce/reduce conflict (reduce 177, reduce 182) on TOK_RETURN
state 203
	stmt : TOK_LBRACE stmt error .  (177)
	stmt : error .  (182)

	.  reduce 177


state 204
	stmt_list : stmt . stmt_list  (144)
	stmt_list : .  (143)

	error  shift 98
	TOK_LPAREN  shift 5
	TOK_LBRACE  shift 6
	TOK_EQ  shift 7
	TOK_EQGT  shift 8
	TOK_MINUSGT  shift 9
	TOK_MINUS  shift 10
	TOK_BANG  shift 11
	TOK_LT  shift 12
	TOK_LTEQ  shift 13
	TOK_GT  shift 14
	TOK_GTEQ  shift 15
	TOK_EQEQ  shift 16
	TOK_BANGEQ  shift 17
	TOK_LOR  shift 18
	TOK_LAND  shift 19
	TOK_LXOR  shift 20
	TOK_BOR  shift 21
	TOK_BAND  shift 22
	TOK_BXOR  shift 23
	TOK_LSHIFT  shift 24
	TOK_RSHIFT  shift 25
	TOK_ADD  shift 26
	TOK_MUL  shift 27
	TOK_DIV  shift 28
	TOK_MOD  shift 29
	TOK_BOREQ  shift 30
	TOK_BANDEQ  shift 31
	TOK_BXOREQ  shift 32
	TOK_LSHIFTEQ  shift 33
	TOK_RSHIFTEQ  shift 34
	TOK_ADDEQ  shift 35
	TOK_MINUSEQ  shift 36
	TOK_MULEQ  shift 37
	TOK_DIVEQ  shift 38
	TOK_MODEQ  shift 39
	TOK_UpperIdent  shift 40
	TOK_LowerIdent  shift 41
	TOK_Integer  shift 42
	TOK_Double  shift 43
	TOK_Char  shift 44
	TOK_String  shift 45
	TOK_TyBool  shift 46
	TOK_TyChar  shift 47
	TOK_TyInt  shift 48
	TOK_TyFloat  shift 49
	TOK_TRUE  shift 50
	TOK_FALSE  shift 51
	TOK_THIS  shift 52
	TOK_IF  shift 53
	TOK_ELSE  shift 54
	TOK_WHILE  shift 55
	TOK_FOR  shift 56
	TOK_BREAK  shift 57
	TOK_CONTINUE  shift 58
	TOK_LET  shift 99
	TOK_MUT  shift 60
	TOK_MATCH  shift 61
	TOK_RETURN  shift 63
	TOK_RBRACE  reduce 143

	bi_op_token  goto 68
	asgn_token  goto 69
	arrow_token  goto 70
	type_token  goto 71
	expr  goto 74
	stmt  goto 204
	stmt_list  goto 205
	lvalue  goto 77
	assignment_op  goto 78
	literal  goto 79
	small_expr  goto 80
	atom_expr  goto 81


state 205
	stmt_list : stmt stmt_list .  (144)

	.  reduce 144


state 206
	stmt : TOK_LBRACE stmt_list TOK_RBRACE .  (152)

	.  reduce 152


state 207
	atom_expr : TOK_UpperIdent TOK_LPAREN error .  (283)

	.  reduce 283


state 208
	atom_expr : TOK_UpperIdent TOK_LPAREN expr_list . TOK_RPAREN  (276)

	TOK_RPAREN  shift 311
	.  error


state 209
	small_expr : TOK_UpperIdent TOK_LBRACE error .  (270)

	.  reduce 270


state 210
	other_token : TOK_LPAREN .  (60)

	.  reduce 60


state 211
	other_token : TOK_RPAREN .  (61)

	.  reduce 61


state 212
	other_token : TOK_LBRACK .  (62)

	.  reduce 62


state 213
	other_token : TOK_RBRACK .  (63)

	.  reduce 63


state 214
	other_token : TOK_COLON .  (64)

	.  reduce 64


state 215
	other_token : TOK_COMMA .  (65)

	.  reduce 65


state 216
	other_token : TOK_SEMICOLON .  (68)

	.  reduce 68


state 217
	other_token : TOK_DOT .  (66)

	.  reduce 66


state 218
	other_token : TOK_UNDERSCORE .  (67)

	.  reduce 67


state 219
	other_token : TOK_MINUS .  (58)

	.  reduce 58


state 220
	other_token : TOK_BANG .  (59)

	.  reduce 59


state 221
	struct_expr_field_name : TOK_UpperIdent .  (291)

	.  reduce 291


state 222
	struct_expr_field_name : TOK_LowerIdent .  (290)

	.  reduce 290


state 223
	other_token : TOK_Integer .  (69)

	.  reduce 69


state 224
	other_token : TOK_Double .  (70)

	.  reduce 70


state 225
	other_token : TOK_Char .  (71)

	.  reduce 71


state 226
	other_token : TOK_String .  (72)

	.  reduce 72


state 227
	other_token : TOK_TRUE .  (55)

	.  reduce 55


state 228
	other_token : TOK_FALSE .  (56)

	.  reduce 56


state 229
	other_token : TOK_THIS .  (57)

	.  reduce 57


state 230
	struct_expr_field_name : other_token .  (292)

	.  reduce 292


state 231
	small_expr : TOK_UpperIdent TOK_LBRACE struct_expr_fields . TOK_RBRACE  (269)

	TOK_RBRACE  shift 312
	.  error


state 232
	struct_expr_fields : struct_expr_field . TOK_COMMA struct_expr_fields  (286)
	struct_expr_fields : struct_expr_field .  (287)

	TOK_COMMA  shift 313
	TOK_RBRACE  reduce 287


state 233
	struct_expr_field : struct_expr_field_name . any_token expr  (289)

	TOK_LPAREN  shift 210
	TOK_RPAREN  shift 211
	TOK_LBRACK  shift 212
	TOK_RBRACK  shift 213
	TOK_LBRACE  shift 298
	TOK_RBRACE  shift 299
	TOK_COLON  shift 214
	TOK_COMMA  shift 215
	TOK_SEMICOLON  shift 216
	TOK_EQ  shift 84
	TOK_EQGT  shift 8
	TOK_MINUSGT  shift 9
	TOK_DOT  shift 217
	TOK_UNDERSCORE  shift 218
	TOK_MINUS  shift 219
	TOK_BANG  shift 220
	TOK_LT  shift 12
	TOK_LTEQ  shift 13
	TOK_GT  shift 14
	TOK_GTEQ  shift 15
	TOK_EQEQ  shift 16
	TOK_BANGEQ  shift 17
	TOK_LOR  shift 18
	TOK_LAND  shift 19
	TOK_LXOR  shift 20
	TOK_BOR  shift 21
	TOK_BAND  shift 22
	TOK_BXOR  shift 23
	TOK_LSHIFT  shift 24
	TOK_RSHIFT  shift 25
	TOK_ADD  shift 26
	TOK_MUL  shift 27
	TOK_DIV  shift 28
	TOK_MOD  shift 29
	TOK_BOREQ  shift 85
	TOK_BANDEQ  shift 86
	TOK_BXOREQ  shift 87
	TOK_LSHIFTEQ  shift 88
	TOK_RSHIFTEQ  shift 89
	TOK_ADDEQ  shift 90
	TOK_MINUSEQ  shift 91
	TOK_MULEQ  shift 92
	TOK_DIVEQ  shift 93
	TOK_MODEQ  shift 94
	TOK_UpperIdent  shift 314
	TOK_LowerIdent  shift 315
	TOK_Integer  shift 223
	TOK_Double  shift 224
	TOK_Char  shift 225
	TOK_String  shift 226
	TOK_TyBool  shift 46
	TOK_TyChar  shift 47
	TOK_TyInt  shift 48
	TOK_TyFloat  shift 49
	TOK_TRUE  shift 227
	TOK_FALSE  shift 228
	TOK_THIS  shift 229
	TOK_AS  shift 179
	TOK_IF  shift 180
	TOK_ELSE  shift 181
	TOK_WHILE  shift 182
	TOK_FOR  shift 183
	TOK_BREAK  shift 184
	TOK_CONTINUE  shift 185
	TOK_LET  shift 186
	TOK_MUT  shift 187
	TOK_IN  shift 188
	TOK_MATCH  shift 189
	TOK_FUN  shift 190
	TOK_RETURN  shift 191
	TOK_INTERFACE  shift 192
	TOK_IMPL  shift 193
	TOK_EXTENDS  shift 194
	TOK_TYPE  shift 195
	.  error

	brace_token  goto 302
	bi_op_token  goto 303
	asgn_token  goto 304
	keyword_token  goto 305
	arrow_token  goto 306
	type_token  goto 307
	other_token  goto 308
	non_ident_token  goto 316
	any_token  goto 317


state 234
	atom_expr : TOK_LowerIdent TOK_LPAREN error .  (284)

	.  reduce 284


state 235
	atom_expr : TOK_LowerIdent TOK_LPAREN expr_list . TOK_RPAREN  (277)

	TOK_RPAREN  shift 318
	.  error


236: reduce/reduce conflict (reduce 174, reduce 282) on error
236: reduce/reduce conflict (reduce 174, reduce 282) on TOK_EQGT
236: reduce/reduce conflict (reduce 174, reduce 282) on TOK_MINUSGT
236: reduce/reduce conflict (reduce 174, reduce 282) on TOK_MINUS
236: reduce/reduce conflict (reduce 174, reduce 282) on TOK_BANG
236: reduce/reduce conflict (reduce 174, reduce 282) on TOK_LT
236: reduce/reduce conflict (reduce 174, reduce 282) on TOK_LTEQ
236: reduce/reduce conflict (reduce 174, reduce 282) on TOK_GT
236: reduce/reduce conflict (reduce 174, reduce 282) on TOK_GTEQ
236: reduce/reduce conflict (reduce 174, reduce 282) on TOK_EQEQ
236: reduce/reduce conflict (reduce 174, reduce 282) on TOK_BANGEQ
236: reduce/reduce conflict (reduce 174, reduce 282) on TOK_LOR
236: reduce/reduce conflict (reduce 174, reduce 282) on TOK_LAND
236: reduce/reduce conflict (reduce 174, reduce 282) on TOK_LXOR
236: reduce/reduce conflict (reduce 174, reduce 282) on TOK_BOR
236: reduce/reduce conflict (reduce 174, reduce 282) on TOK_BAND
236: reduce/reduce conflict (reduce 174, reduce 282) on TOK_BXOR
236: reduce/reduce conflict (reduce 174, reduce 282) on TOK_LSHIFT
236: reduce/reduce conflict (reduce 174, reduce 282) on TOK_RSHIFT
236: reduce/reduce conflict (reduce 174, reduce 282) on TOK_ADD
236: reduce/reduce conflict (reduce 174, reduce 282) on TOK_MUL
236: reduce/reduce conflict (reduce 174, reduce 282) on TOK_DIV
236: reduce/reduce conflict (reduce 174, reduce 282) on TOK_MOD
236: reduce/reduce conflict (reduce 174, reduce 282) on TOK_UpperIdent
236: reduce/reduce conflict (reduce 174, reduce 282) on TOK_LowerIdent
236: reduce/reduce conflict (reduce 174, reduce 282) on TOK_TyBool
236: reduce/reduce conflict (reduce 174, reduce 282) on TOK_TyChar
236: reduce/reduce conflict (reduce 174, reduce 282) on TOK_TyInt
236: reduce/reduce conflict (reduce 174, reduce 282) on TOK_TyFloat
236: reduce/reduce conflict (reduce 174, reduce 282) on TOK_IF
236: reduce/reduce conflict (reduce 174, reduce 282) on TOK_ELSE
236: reduce/reduce conflict (reduce 174, reduce 282) on TOK_WHILE
236: reduce/reduce conflict (reduce 174, reduce 282) on TOK_FOR
236: reduce/reduce conflict (reduce 174, reduce 282) on TOK_BREAK
236: reduce/reduce conflict (reduce 174, reduce 282) on TOK_CONTINUE
236: reduce/reduce conflict (reduce 174, reduce 282) on TOK_LET
236: reduce/reduce conflict (reduce 174, reduce 282) on TOK_MUT
236: reduce/reduce conflict (reduce 174, reduce 282) on TOK_MATCH
236: reduce/reduce conflict (reduce 174, reduce 282) on TOK_RETURN
state 236
	stmt : TOK_IF TOK_LPAREN error .  (174)
	atom_expr : TOK_LPAREN error .  (282)

	error  reduce 174
	TOK_LPAREN  reduce 174
	TOK_RPAREN  reduce 282
	TOK_LBRACE  reduce 174
	TOK_RBRACE  reduce 174
	TOK_SEMICOLON  reduce 174
	TOK_EQ  reduce 174
	TOK_EQGT  reduce 174
	TOK_MINUSGT  reduce 174
	TOK_DOT  reduce 282
	TOK_UNDERSCORE  reduce 174
	TOK_MINUS  reduce 174
	TOK_BANG  reduce 174
	TOK_LT  reduce 174
	TOK_LTEQ  reduce 174
	TOK_GT  reduce 174
	TOK_GTEQ  reduce 174
	TOK_EQEQ  reduce 174
	TOK_BANGEQ  reduce 174
	TOK_LOR  reduce 174
	TOK_LAND  reduce 174
	TOK_LXOR  reduce 174
	TOK_BOR  reduce 174
	TOK_BAND  reduce 174
	TOK_BXOR  reduce 174
	TOK_LSHIFT  reduce 174
	TOK_RSHIFT  reduce 174
	TOK_ADD  reduce 174
	TOK_MUL  reduce 174
	TOK_DIV  reduce 174
	TOK_MOD  reduce 174
	TOK_BOREQ  reduce 174
	TOK_BANDEQ  reduce 174
	TOK_BXOREQ  reduce 174
	TOK_LSHIFTEQ  reduce 174
	TOK_RSHIFTEQ  reduce 174
	TOK_ADDEQ  reduce 174
	TOK_MINUSEQ  reduce 174
	TOK_MULEQ  reduce 174
	TOK_DIVEQ  reduce 174
	TOK_MODEQ  reduce 174
	TOK_UpperIdent  reduce 174
	TOK_LowerIdent  reduce 174
	TOK_Integer  reduce 174
	TOK_Double  reduce 174
	TOK_Char  reduce 174
	TOK_String  reduce 174
	TOK_TyBool  reduce 174
	TOK_TyChar  reduce 174
	TOK_TyInt  reduce 174
	TOK_TyFloat  reduce 174
	TOK_TRUE  reduce 174
	TOK_FALSE  reduce 174
	TOK_THIS  reduce 174
	TOK_AS  reduce 282
	TOK_IF  reduce 174
	TOK_ELSE  reduce 174
	TOK_WHILE  reduce 174
	TOK_FOR  reduce 174
	TOK_BREAK  reduce 174
	TOK_CONTINUE  reduce 174
	TOK_LET  reduce 174
	TOK_MUT  reduce 174
	TOK_IN  reduce 282
	TOK_MATCH  reduce 174
	TOK_FUN  reduce 282
	TOK_RETURN  reduce 174
	TOK_INTERFACE  reduce 282
	TOK_IMPL  reduce 282
	TOK_EXTENDS  reduce 282
	TOK_TYPE  reduce 282


237: shift/reduce conflict (shift 98, reduce 199) on error
237: shift/reduce conflict (shift 8, reduce 199) on TOK_EQGT
237: shift/reduce conflict (shift 9, reduce 199) on TOK_MINUSGT
237: shift/reduce conflict (shift 10, reduce 199) on TOK_MINUS
237: shift/reduce conflict (shift 11, reduce 199) on TOK_BANG
237: shift/reduce conflict (shift 12, reduce 199) on TOK_LT
237: shift/reduce conflict (shift 13, reduce 199) on TOK_LTEQ
237: shift/reduce conflict (shift 14, reduce 199) on TOK_GT
237: shift/reduce conflict (shift 15, reduce 199) on TOK_GTEQ
237: shift/reduce conflict (shift 16, reduce 199) on TOK_EQEQ
237: shift/reduce conflict (shift 17, reduce 199) on TOK_BANGEQ
237: shift/reduce conflict (shift 18, reduce 199) on TOK_LOR
237: shift/reduce conflict (shift 19, reduce 199) on TOK_LAND
237: shift/reduce conflict (shift 20, reduce 199) on TOK_LXOR
237: shift/reduce conflict (shift 21, reduce 199) on TOK_BOR
237: shift/reduce conflict (shift 22, reduce 199) on TOK_BAND
237: shift/reduce conflict (shift 23, reduce 199) on TOK_BXOR
237: shift/reduce conflict (shift 24, reduce 199) on TOK_LSHIFT
237: shift/reduce conflict (shift 25, reduce 199) on TOK_RSHIFT
237: shift/reduce conflict (shift 26, reduce 199) on TOK_ADD
237: shift/reduce conflict (shift 27, reduce 199) on TOK_MUL
237: shift/reduce conflict (shift 28, reduce 199) on TOK_DIV
237: shift/reduce conflict (shift 29, reduce 199) on TOK_MOD
237: shift/reduce conflict (shift 40, reduce 199) on TOK_UpperIdent
237: shift/reduce conflict (shift 41, reduce 199) on TOK_LowerIdent
237: shift/reduce conflict (shift 46, reduce 199) on TOK_TyBool
237: shift/reduce conflict (shift 47, reduce 199) on TOK_TyChar
237: shift/reduce conflict (shift 48, reduce 199) on TOK_TyInt
237: shift/reduce conflict (shift 49, reduce 199) on TOK_TyFloat
237: shift/reduce conflict (shift 53, reduce 199) on TOK_IF
237: shift/reduce conflict (shift 54, reduce 199) on TOK_ELSE
237: shift/reduce conflict (shift 55, reduce 199) on TOK_WHILE
237: shift/reduce conflict (shift 56, reduce 199) on TOK_FOR
237: shift/reduce conflict (shift 57, reduce 199) on TOK_BREAK
237: shift/reduce conflict (shift 58, reduce 199) on TOK_CONTINUE
237: shift/reduce conflict (shift 99, reduce 199) on TOK_LET
237: shift/reduce conflict (shift 60, reduce 199) on TOK_MUT
237: shift/reduce conflict (shift 61, reduce 199) on TOK_MATCH
237: shift/reduce conflict (shift 63, reduce 199) on TOK_RETURN
state 237
	stmt : TOK_IF TOK_LPAREN TOK_RPAREN . stmt  (165)
	literal : TOK_LPAREN TOK_RPAREN .  (199)

	error  shift 98
	TOK_LPAREN  shift 5
	TOK_LBRACE  shift 6
	TOK_EQ  shift 7
	TOK_EQGT  shift 8
	TOK_MINUSGT  shift 9
	TOK_MINUS  shift 10
	TOK_BANG  shift 11
	TOK_LT  shift 12
	TOK_LTEQ  shift 13
	TOK_GT  shift 14
	TOK_GTEQ  shift 15
	TOK_EQEQ  shift 16
	TOK_BANGEQ  shift 17
	TOK_LOR  shift 18
	TOK_LAND  shift 19
	TOK_LXOR  shift 20
	TOK_BOR  shift 21
	TOK_BAND  shift 22
	TOK_BXOR  shift 23
	TOK_LSHIFT  shift 24
	TOK_RSHIFT  shift 25
	TOK_ADD  shift 26
	TOK_MUL  shift 27
	TOK_DIV  shift 28
	TOK_MOD  shift 29
	TOK_BOREQ  shift 30
	TOK_BANDEQ  shift 31
	TOK_BXOREQ  shift 32
	TOK_LSHIFTEQ  shift 33
	TOK_RSHIFTEQ  shift 34
	TOK_ADDEQ  shift 35
	TOK_MINUSEQ  shift 36
	TOK_MULEQ  shift 37
	TOK_DIVEQ  shift 38
	TOK_MODEQ  shift 39
	TOK_UpperIdent  shift 40
	TOK_LowerIdent  shift 41
	TOK_Integer  shift 42
	TOK_Double  shift 43
	TOK_Char  shift 44
	TOK_String  shift 45
	TOK_TyBool  shift 46
	TOK_TyChar  shift 47
	TOK_TyInt  shift 48
	TOK_TyFloat  shift 49
	TOK_TRUE  shift 50
	TOK_FALSE  shift 51
	TOK_THIS  shift 52
	TOK_IF  shift 53
	TOK_ELSE  shift 54
	TOK_WHILE  shift 55
	TOK_FOR  shift 56
	TOK_BREAK  shift 57
	TOK_CONTINUE  shift 58
	TOK_LET  shift 99
	TOK_MUT  shift 60
	TOK_MATCH  shift 61
	TOK_RETURN  shift 63
	TOK_RPAREN  reduce 199
	TOK_DOT  reduce 199
	TOK_AS  reduce 199
	TOK_IN  reduce 199
	TOK_FUN  reduce 199
	TOK_INTERFACE  reduce 199
	TOK_IMPL  reduce 199
	TOK_EXTENDS  reduce 199
	TOK_TYPE  reduce 199

	bi_op_token  goto 68
	asgn_token  goto 69
	arrow_token  goto 70
	type_token  goto 71
	expr  goto 74
	stmt  goto 319
	lvalue  goto 77
	assignment_op  goto 78
	literal  goto 79
	small_expr  goto 80
	atom_expr  goto 81


238: shift/reduce conflict (shift 320, reduce 294) on TOK_RPAREN
state 238
	stmt : TOK_IF TOK_LPAREN expr . TOK_RPAREN stmt  (153)
	stmt : TOK_IF TOK_LPAREN expr . TOK_RPAREN stmt TOK_ELSE stmt  (154)
	expr_list : expr .  (294)
	expr_list : expr . TOK_COMMA expr_list  (295)

	TOK_RPAREN  shift 320
	TOK_COMMA  shift 200


state 239
	stmt : TOK_IF expr TOK_RPAREN .  (171)

	.  reduce 171


state 240
	stmt : TOK_ELSE TOK_LPAREN TOK_RPAREN . stmt  (166)

	error  shift 98
	TOK_LPAREN  shift 5
	TOK_LBRACE  shift 6
	TOK_EQ  shift 7
	TOK_EQGT  shift 8
	TOK_MINUSGT  shift 9
	TOK_MINUS  shift 10
	TOK_BANG  shift 11
	TOK_LT  shift 12
	TOK_LTEQ  shift 13
	TOK_GT  shift 14
	TOK_GTEQ  shift 15
	TOK_EQEQ  shift 16
	TOK_BANGEQ  shift 17
	TOK_LOR  shift 18
	TOK_LAND  shift 19
	TOK_LXOR  shift 20
	TOK_BOR  shift 21
	TOK_BAND  shift 22
	TOK_BXOR  shift 23
	TOK_LSHIFT  shift 24
	TOK_RSHIFT  shift 25
	TOK_ADD  shift 26
	TOK_MUL  shift 27
	TOK_DIV  shift 28
	TOK_MOD  shift 29
	TOK_BOREQ  shift 30
	TOK_BANDEQ  shift 31
	TOK_BXOREQ  shift 32
	TOK_LSHIFTEQ  shift 33
	TOK_RSHIFTEQ  shift 34
	TOK_ADDEQ  shift 35
	TOK_MINUSEQ  shift 36
	TOK_MULEQ  shift 37
	TOK_DIVEQ  shift 38
	TOK_MODEQ  shift 39
	TOK_UpperIdent  shift 40
	TOK_LowerIdent  shift 41
	TOK_Integer  shift 42
	TOK_Double  shift 43
	TOK_Char  shift 44
	TOK_String  shift 45
	TOK_TyBool  shift 46
	TOK_TyChar  shift 47
	TOK_TyInt  shift 48
	TOK_TyFloat  shift 49
	TOK_TRUE  shift 50
	TOK_FALSE  shift 51
	TOK_THIS  shift 52
	TOK_IF  shift 53
	TOK_ELSE  shift 54
	TOK_WHILE  shift 55
	TOK_FOR  shift 56
	TOK_BREAK  shift 57
	TOK_CONTINUE  shift 58
	TOK_LET  shift 99
	TOK_MUT  shift 60
	TOK_MATCH  shift 61
	TOK_RETURN  shift 63
	.  error

	bi_op_token  goto 68
	asgn_token  goto 69
	arrow_token  goto 70
	type_token  goto 71
	expr  goto 74
	stmt  goto 321
	lvalue  goto 77
	assignment_op  goto 78
	literal  goto 79
	small_expr  goto 80
	atom_expr  goto 81


241: reduce/reduce conflict (reduce 175, reduce 282) on error
241: reduce/reduce conflict (reduce 175, reduce 282) on TOK_EQGT
241: reduce/reduce conflict (reduce 175, reduce 282) on TOK_MINUSGT
241: reduce/reduce conflict (reduce 175, reduce 282) on TOK_MINUS
241: reduce/reduce conflict (reduce 175, reduce 282) on TOK_BANG
241: reduce/reduce conflict (reduce 175, reduce 282) on TOK_LT
241: reduce/reduce conflict (reduce 175, reduce 282) on TOK_LTEQ
241: reduce/reduce conflict (reduce 175, reduce 282) on TOK_GT
241: reduce/reduce conflict (reduce 175, reduce 282) on TOK_GTEQ
241: reduce/reduce conflict (reduce 175, reduce 282) on TOK_EQEQ
241: reduce/reduce conflict (reduce 175, reduce 282) on TOK_BANGEQ
241: reduce/reduce conflict (reduce 175, reduce 282) on TOK_LOR
241: reduce/reduce conflict (reduce 175, reduce 282) on TOK_LAND
241: reduce/reduce conflict (reduce 175, reduce 282) on TOK_LXOR
241: reduce/reduce conflict (reduce 175, reduce 282) on TOK_BOR
241: reduce/reduce conflict (reduce 175, reduce 282) on TOK_BAND
241: reduce/reduce conflict (reduce 175, reduce 282) on TOK_BXOR
241: reduce/reduce conflict (reduce 175, reduce 282) on TOK_LSHIFT
241: reduce/reduce conflict (reduce 175, reduce 282) on TOK_RSHIFT
241: reduce/reduce conflict (reduce 175, reduce 282) on TOK_ADD
241: reduce/reduce conflict (reduce 175, reduce 282) on TOK_MUL
241: reduce/reduce conflict (reduce 175, reduce 282) on TOK_DIV
241: reduce/reduce conflict (reduce 175, reduce 282) on TOK_MOD
241: reduce/reduce conflict (reduce 175, reduce 282) on TOK_UpperIdent
241: reduce/reduce conflict (reduce 175, reduce 282) on TOK_LowerIdent
241: reduce/reduce conflict (reduce 175, reduce 282) on TOK_TyBool
241: reduce/reduce conflict (reduce 175, reduce 282) on TOK_TyChar
241: reduce/reduce conflict (reduce 175, reduce 282) on TOK_TyInt
241: reduce/reduce conflict (reduce 175, reduce 282) on TOK_TyFloat
241: reduce/reduce conflict (reduce 175, reduce 282) on TOK_IF
241: reduce/reduce conflict (reduce 175, reduce 282) on TOK_ELSE
241: reduce/reduce conflict (reduce 175, reduce 282) on TOK_WHILE
241: reduce/reduce conflict (reduce 175, reduce 282) on TOK_FOR
241: reduce/reduce conflict (reduce 175, reduce 282) on TOK_BREAK
241: reduce/reduce conflict (reduce 175, reduce 282) on TOK_CONTINUE
241: reduce/reduce conflict (reduce 175, reduce 282) on TOK_LET
241: reduce/reduce conflict (reduce 175, reduce 282) on TOK_MUT
241: reduce/reduce conflict (reduce 175, reduce 282) on TOK_MATCH
241: reduce/reduce conflict (reduce 175, reduce 282) on TOK_RETURN
state 241
	stmt : TOK_WHILE TOK_LPAREN error .  (175)
	atom_expr : TOK_LPAREN error .  (282)

	error  reduce 175
	TOK_LPAREN  reduce 175
	TOK_RPAREN  reduce 282
	TOK_LBRACE  reduce 175
	TOK_RBRACE  reduce 175
	TOK_SEMICOLON  reduce 175
	TOK_EQ  reduce 175
	TOK_EQGT  reduce 175
	TOK_MINUSGT  reduce 175
	TOK_DOT  reduce 282
	TOK_UNDERSCORE  reduce 175
	TOK_MINUS  reduce 175
	TOK_BANG  reduce 175
	TOK_LT  reduce 175
	TOK_LTEQ  reduce 175
	TOK_GT  reduce 175
	TOK_GTEQ  reduce 175
	TOK_EQEQ  reduce 175
	TOK_BANGEQ  reduce 175
	TOK_LOR  reduce 175
	TOK_LAND  reduce 175
	TOK_LXOR  reduce 175
	TOK_BOR  reduce 175
	TOK_BAND  reduce 175
	TOK_BXOR  reduce 175
	TOK_LSHIFT  reduce 175
	TOK_RSHIFT  reduce 175
	TOK_ADD  reduce 175
	TOK_MUL  reduce 175
	TOK_DIV  reduce 175
	TOK_MOD  reduce 175
	TOK_BOREQ  reduce 175
	TOK_BANDEQ  reduce 175
	TOK_BXOREQ  reduce 175
	TOK_LSHIFTEQ  reduce 175
	TOK_RSHIFTEQ  reduce 175
	TOK_ADDEQ  reduce 175
	TOK_MINUSEQ  reduce 175
	TOK_MULEQ  reduce 175
	TOK_DIVEQ  reduce 175
	TOK_MODEQ  reduce 175
	TOK_UpperIdent  reduce 175
	TOK_LowerIdent  reduce 175
	TOK_Integer  reduce 175
	TOK_Double  reduce 175
	TOK_Char  reduce 175
	TOK_String  reduce 175
	TOK_TyBool  reduce 175
	TOK_TyChar  reduce 175
	TOK_TyInt  reduce 175
	TOK_TyFloat  reduce 175
	TOK_TRUE  reduce 175
	TOK_FALSE  reduce 175
	TOK_THIS  reduce 175
	TOK_AS  reduce 282
	TOK_IF  reduce 175
	TOK_ELSE  reduce 175
	TOK_WHILE  reduce 175
	TOK_FOR  reduce 175
	TOK_BREAK  reduce 175
	TOK_CONTINUE  reduce 175
	TOK_LET  reduce 175
	TOK_MUT  reduce 175
	TOK_IN  reduce 282
	TOK_MATCH  reduce 175
	TOK_FUN  reduce 282
	TOK_RETURN  reduce 175
	TOK_INTERFACE  reduce 282
	TOK_IMPL  reduce 282
	TOK_EXTENDS  reduce 282
	TOK_TYPE  reduce 282


242: shift/reduce conflict (shift 98, reduce 199) on error
242: shift/reduce conflict (shift 8, reduce 199) on TOK_EQGT
242: shift/reduce conflict (shift 9, reduce 199) on TOK_MINUSGT
242: shift/reduce conflict (shift 10, reduce 199) on TOK_MINUS
242: shift/reduce conflict (shift 11, reduce 199) on TOK_BANG
242: shift/reduce conflict (shift 12, reduce 199) on TOK_LT
242: shift/reduce conflict (shift 13, reduce 199) on TOK_LTEQ
242: shift/reduce conflict (shift 14, reduce 199) on TOK_GT
242: shift/reduce conflict (shift 15, reduce 199) on TOK_GTEQ
242: shift/reduce conflict (shift 16, reduce 199) on TOK_EQEQ
242: shift/reduce conflict (shift 17, reduce 199) on TOK_BANGEQ
242: shift/reduce conflict (shift 18, reduce 199) on TOK_LOR
242: shift/reduce conflict (shift 19, reduce 199) on TOK_LAND
242: shift/reduce conflict (shift 20, reduce 199) on TOK_LXOR
242: shift/reduce conflict (shift 21, reduce 199) on TOK_BOR
242: shift/reduce conflict (shift 22, reduce 199) on TOK_BAND
242: shift/reduce conflict (shift 23, reduce 199) on TOK_BXOR
242: shift/reduce conflict (shift 24, reduce 199) on TOK_LSHIFT
242: shift/reduce conflict (shift 25, reduce 199) on TOK_RSHIFT
242: shift/reduce conflict (shift 26, reduce 199) on TOK_ADD
242: shift/reduce conflict (shift 27, reduce 199) on TOK_MUL
242: shift/reduce conflict (shift 28, reduce 199) on TOK_DIV
242: shift/reduce conflict (shift 29, reduce 199) on TOK_MOD
242: shift/reduce conflict (shift 40, reduce 199) on TOK_UpperIdent
242: shift/reduce conflict (shift 41, reduce 199) on TOK_LowerIdent
242: shift/reduce conflict (shift 46, reduce 199) on TOK_TyBool
242: shift/reduce conflict (shift 47, reduce 199) on TOK_TyChar
242: shift/reduce conflict (shift 48, reduce 199) on TOK_TyInt
242: shift/reduce conflict (shift 49, reduce 199) on TOK_TyFloat
242: shift/reduce conflict (shift 53, reduce 199) on TOK_IF
242: shift/reduce conflict (shift 54, reduce 199) on TOK_ELSE
242: shift/reduce conflict (shift 55, reduce 199) on TOK_WHILE
242: shift/reduce conflict (shift 56, reduce 199) on TOK_FOR
242: shift/reduce conflict (shift 57, reduce 199) on TOK_BREAK
242: shift/reduce conflict (shift 58, reduce 199) on TOK_CONTINUE
242: shift/reduce conflict (shift 99, reduce 199) on TOK_LET
242: shift/reduce conflict (shift 60, reduce 199) on TOK_MUT
242: shift/reduce conflict (shift 61, reduce 199) on TOK_MATCH
242: shift/reduce conflict (shift 63, reduce 199) on TOK_RETURN
state 242
	stmt : TOK_WHILE TOK_LPAREN TOK_RPAREN . stmt  (167)
	literal : TOK_LPAREN TOK_RPAREN .  (199)

	error  shift 98
	TOK_LPAREN  shift 5
	TOK_LBRACE  shift 6
	TOK_EQ  shift 7
	TOK_EQGT  shift 8
	TOK_MINUSGT  shift 9
	TOK_MINUS  shift 10
	TOK_BANG  shift 11
	TOK_LT  shift 12
	TOK_LTEQ  shift 13
	TOK_GT  shift 14
	TOK_GTEQ  shift 15
	TOK_EQEQ  shift 16
	TOK_BANGEQ  shift 17
	TOK_LOR  shift 18
	TOK_LAND  shift 19
	TOK_LXOR  shift 20
	TOK_BOR  shift 21
	TOK_BAND  shift 22
	TOK_BXOR  shift 23
	TOK_LSHIFT  shift 24
	TOK_RSHIFT  shift 25
	TOK_ADD  shift 26
	TOK_MUL  shift 27
	TOK_DIV  shift 28
	TOK_MOD  shift 29
	TOK_BOREQ  shift 30
	TOK_BANDEQ  shift 31
	TOK_BXOREQ  shift 32
	TOK_LSHIFTEQ  shift 33
	TOK_RSHIFTEQ  shift 34
	TOK_ADDEQ  shift 35
	TOK_MINUSEQ  shift 36
	TOK_MULEQ  shift 37
	TOK_DIVEQ  shift 38
	TOK_MODEQ  shift 39
	TOK_UpperIdent  shift 40
	TOK_LowerIdent  shift 41
	TOK_Integer  shift 42
	TOK_Double  shift 43
	TOK_Char  shift 44
	TOK_String  shift 45
	TOK_TyBool  shift 46
	TOK_TyChar  shift 47
	TOK_TyInt  shift 48
	TOK_TyFloat  shift 49
	TOK_TRUE  shift 50
	TOK_FALSE  shift 51
	TOK_THIS  shift 52
	TOK_IF  shift 53
	TOK_ELSE  shift 54
	TOK_WHILE  shift 55
	TOK_FOR  shift 56
	TOK_BREAK  shift 57
	TOK_CONTINUE  shift 58
	TOK_LET  shift 99
	TOK_MUT  shift 60
	TOK_MATCH  shift 61
	TOK_RETURN  shift 63
	TOK_RPAREN  reduce 199
	TOK_DOT  reduce 199
	TOK_AS  reduce 199
	TOK_IN  reduce 199
	TOK_FUN  reduce 199
	TOK_INTERFACE  reduce 199
	TOK_IMPL  reduce 199
	TOK_EXTENDS  reduce 199
	TOK_TYPE  reduce 199

	bi_op_token  goto 68
	asgn_token  goto 69
	arrow_token  goto 70
	type_token  goto 71
	expr  goto 74
	stmt  goto 322
	lvalue  goto 77
	assignment_op  goto 78
	literal  goto 79
	small_expr  goto 80
	atom_expr  goto 81


243: shift/reduce conflict (shift 323, reduce 294) on TOK_RPAREN
state 243
	stmt : TOK_WHILE TOK_LPAREN expr . TOK_RPAREN stmt  (156)
	expr_list : expr .  (294)
	expr_list : expr . TOK_COMMA expr_list  (295)

	TOK_RPAREN  shift 323
	TOK_COMMA  shift 200


state 244
	stmt : TOK_WHILE expr TOK_RPAREN .  (172)

	.  reduce 172


state 245
	stmt : TOK_FOR TOK_LPAREN pattern . TOK_IN expr TOK_RPAREN stmt  (155)
	stmt : TOK_FOR TOK_LPAREN pattern . expr TOK_RPAREN stmt  (178)
	stmt : TOK_FOR TOK_LPAREN pattern . TOK_IN TOK_RPAREN stmt  (179)
	pattern : pattern . TOK_AS variable_pattern  (210)
	pattern : pattern . TOK_COLON typ  (211)
	pattern : pattern . TOK_AS error  (216)

	TOK_LPAREN  shift 5
	TOK_COLON  shift 257
	TOK_EQ  shift 84
	TOK_EQGT  shift 8
	TOK_MINUSGT  shift 9
	TOK_MINUS  shift 10
	TOK_BANG  shift 11
	TOK_LT  shift 12
	TOK_LTEQ  shift 13
	TOK_GT  shift 14
	TOK_GTEQ  shift 15
	TOK_EQEQ  shift 16
	TOK_BANGEQ  shift 17
	TOK_LOR  shift 18
	TOK_LAND  shift 19
	TOK_LXOR  shift 20
	TOK_BOR  shift 21
	TOK_BAND  shift 22
	TOK_BXOR  shift 23
	TOK_LSHIFT  shift 24
	TOK_RSHIFT  shift 25
	TOK_ADD  shift 26
	TOK_MUL  shift 27
	TOK_DIV  shift 28
	TOK_MOD  shift 29
	TOK_BOREQ  shift 85
	TOK_BANDEQ  shift 86
	TOK_BXOREQ  shift 87
	TOK_LSHIFTEQ  shift 88
	TOK_RSHIFTEQ  shift 89
	TOK_ADDEQ  shift 90
	TOK_MINUSEQ  shift 91
	TOK_MULEQ  shift 92
	TOK_DIVEQ  shift 93
	TOK_MODEQ  shift 94
	TOK_UpperIdent  shift 40
	TOK_LowerIdent  shift 95
	TOK_Integer  shift 42
	TOK_Double  shift 43
	TOK_Char  shift 44
	TOK_String  shift 45
	TOK_TyBool  shift 46
	TOK_TyChar  shift 47
	TOK_TyInt  shift 48
	TOK_TyFloat  shift 49
	TOK_TRUE  shift 50
	TOK_FALSE  shift 51
	TOK_THIS  shift 52
	TOK_AS  shift 260
	TOK_MUT  shift 60
	TOK_IN  shift 324
	.  error

	bi_op_token  goto 68
	asgn_token  goto 69
	arrow_token  goto 70
	type_token  goto 71
	expr  goto 325
	literal  goto 79
	small_expr  goto 80
	atom_expr  goto 81


state 246
	pattern : pattern . TOK_AS variable_pattern  (210)
	pattern : pattern . TOK_COLON typ  (211)
	pattern : pattern . TOK_AS error  (216)
	pattern_list_nonempty : pattern .  (227)
	pattern_list_nonempty : pattern . TOK_COMMA pattern_list_nonempty  (228)

	TOK_COLON  shift 257
	TOK_COMMA  shift 326
	TOK_AS  shift 260
	TOK_RPAREN  reduce 227


state 247
	pattern : TOK_LPAREN pattern_list_nonempty . TOK_RPAREN  (215)

	TOK_RPAREN  shift 327
	.  error


248: shift/reduce conflict (shift 120, reduce 218) on TOK_LPAREN
248: shift/reduce conflict (shift 328, reduce 218) on TOK_RPAREN
248: shift/reduce conflict (shift 122, reduce 218) on TOK_UpperIdent
248: shift/reduce conflict (shift 123, reduce 218) on TOK_LowerIdent
248: shift/reduce conflict (shift 42, reduce 218) on TOK_Integer
248: shift/reduce conflict (shift 43, reduce 218) on TOK_Double
248: shift/reduce conflict (shift 44, reduce 218) on TOK_Char
248: shift/reduce conflict (shift 45, reduce 218) on TOK_String
248: shift/reduce conflict (shift 50, reduce 218) on TOK_TRUE
248: shift/reduce conflict (shift 51, reduce 218) on TOK_FALSE
248: shift/reduce conflict (shift 124, reduce 218) on TOK_MUT
state 248
	pattern : TOK_UpperIdent TOK_LPAREN . pattern_list_nonempty TOK_RPAREN  (213)
	pattern : TOK_UpperIdent TOK_LPAREN . TOK_RPAREN  (217)
	pattern : TOK_UpperIdent TOK_LPAREN .  (218)

	error  shift 119
	TOK_LPAREN  shift 120
	TOK_RPAREN  shift 328
	TOK_UNDERSCORE  shift 121
	TOK_UpperIdent  shift 122
	TOK_LowerIdent  shift 123
	TOK_Integer  shift 42
	TOK_Double  shift 43
	TOK_Char  shift 44
	TOK_String  shift 45
	TOK_TRUE  shift 50
	TOK_FALSE  shift 51
	TOK_MUT  shift 124
	TOK_RBRACE  reduce 218
	TOK_COLON  reduce 218
	TOK_COMMA  reduce 218
	TOK_SEMICOLON  reduce 218
	TOK_EQ  reduce 218
	TOK_EQGT  reduce 218
	TOK_MINUSGT  reduce 218
	TOK_MINUS  reduce 218
	TOK_BANG  reduce 218
	TOK_LT  reduce 218
	TOK_LTEQ  reduce 218
	TOK_GT  reduce 218
	TOK_GTEQ  reduce 218
	TOK_EQEQ  reduce 218
	TOK_BANGEQ  reduce 218
	TOK_LOR  reduce 218
	TOK_LAND  reduce 218
	TOK_LXOR  reduce 218
	TOK_BOR  reduce 218
	TOK_BAND  reduce 218
	TOK_BXOR  reduce 218
	TOK_LSHIFT  reduce 218
	TOK_RSHIFT  reduce 218
	TOK_ADD  reduce 218
	TOK_MUL  reduce 218
	TOK_DIV  reduce 218
	TOK_MOD  reduce 218
	TOK_BOREQ  reduce 218
	TOK_BANDEQ  reduce 218
	TOK_BXOREQ  reduce 218
	TOK_LSHIFTEQ  reduce 218
	TOK_RSHIFTEQ  reduce 218
	TOK_ADDEQ  reduce 218
	TOK_MINUSEQ  reduce 218
	TOK_MULEQ  reduce 218
	TOK_DIVEQ  reduce 218
	TOK_MODEQ  reduce 218
	TOK_TyBool  reduce 218
	TOK_TyChar  reduce 218
	TOK_TyInt  reduce 218
	TOK_TyFloat  reduce 218
	TOK_THIS  reduce 218
	TOK_AS  reduce 218
	TOK_IN  reduce 218

	variable_pattern  goto 202
	pattern  goto 246
	literal  goto 127
	pattern_list_nonempty  goto 329


state 249
	pattern : TOK_UpperIdent TOK_LBRACE . struct_pattern_fields TOK_RBRACE  (214)
	pattern : TOK_UpperIdent TOK_LBRACE . error  (220)
	struct_pattern_fields : .  (229)

	error  shift 330
	TOK_LowerIdent  shift 331
	TOK_RBRACE  reduce 229

	struct_pattern_fields  goto 332
	struct_pattern_field  goto 333


state 250
	pattern : TOK_LowerIdent TOK_LPAREN . pattern_list_nonempty TOK_RPAREN  (219)

	error  shift 119
	TOK_LPAREN  shift 120
	TOK_UNDERSCORE  shift 121
	TOK_UpperIdent  shift 122
	TOK_LowerIdent  shift 123
	TOK_Integer  shift 42
	TOK_Double  shift 43
	TOK_Char  shift 44
	TOK_String  shift 45
	TOK_TRUE  shift 50
	TOK_FALSE  shift 51
	TOK_MUT  shift 124
	.  error

	variable_pattern  goto 202
	pattern  goto 246
	literal  goto 127
	pattern_list_nonempty  goto 334


state 251
	pattern : TOK_LowerIdent TOK_LBRACE . struct_pattern_fields TOK_RBRACE  (221)
	struct_pattern_fields : .  (229)

	error  shift 335
	TOK_LowerIdent  shift 331
	TOK_RBRACE  reduce 229

	struct_pattern_fields  goto 336
	struct_pattern_field  goto 333


state 252
	variable_pattern : TOK_LowerIdent TOK_COLON . typ  (225)

	error  shift 337
	TOK_LPAREN  shift 338
	TOK_LBRACK  shift 339
	TOK_UpperIdent  shift 340
	TOK_TyBool  shift 341
	TOK_TyChar  shift 342
	TOK_TyThis  shift 343
	TOK_TyInt  shift 344
	TOK_TyFloat  shift 345
	.  error

	typ  goto 346


253: shift/reduce conflict (shift 250, reduce 223) on TOK_LPAREN
253: shift/reduce conflict (shift 250, reduce 224) on TOK_LPAREN
253: reduce/reduce conflict (reduce 223, reduce 224) on TOK_RPAREN
253: reduce/reduce conflict (reduce 223, reduce 224) on TOK_RBRACE
253: shift/reduce conflict (shift 347, reduce 223) on TOK_COLON
253: shift/reduce conflict (shift 347, reduce 224) on TOK_COLON
253: reduce/reduce conflict (reduce 223, reduce 224) on TOK_COMMA
253: reduce/reduce conflict (reduce 223, reduce 224) on TOK_SEMICOLON
253: reduce/reduce conflict (reduce 223, reduce 224) on TOK_EQ
253: reduce/reduce conflict (reduce 223, reduce 224) on TOK_EQGT
253: reduce/reduce conflict (reduce 223, reduce 224) on TOK_MINUSGT
253: reduce/reduce conflict (reduce 223, reduce 224) on TOK_MINUS
253: reduce/reduce conflict (reduce 223, reduce 224) on TOK_BANG
253: reduce/reduce conflict (reduce 223, reduce 224) on TOK_LT
253: reduce/reduce conflict (reduce 223, reduce 224) on TOK_LTEQ
253: reduce/reduce conflict (reduce 223, reduce 224) on TOK_GT
253: reduce/reduce conflict (reduce 223, reduce 224) on TOK_GTEQ
253: reduce/reduce conflict (reduce 223, reduce 224) on TOK_EQEQ
253: reduce/reduce conflict (reduce 223, reduce 224) on TOK_BANGEQ
253: reduce/reduce conflict (reduce 223, reduce 224) on TOK_LOR
253: reduce/reduce conflict (reduce 223, reduce 224) on TOK_LAND
253: reduce/reduce conflict (reduce 223, reduce 224) on TOK_LXOR
253: reduce/reduce conflict (reduce 223, reduce 224) on TOK_BOR
253: reduce/reduce conflict (reduce 223, reduce 224) on TOK_BAND
253: reduce/reduce conflict (reduce 223, reduce 224) on TOK_BXOR
253: reduce/reduce conflict (reduce 223, reduce 224) on TOK_LSHIFT
253: reduce/reduce conflict (reduce 223, reduce 224) on TOK_RSHIFT
253: reduce/reduce conflict (reduce 223, reduce 224) on TOK_ADD
253: reduce/reduce conflict (reduce 223, reduce 224) on TOK_MUL
253: reduce/reduce conflict (reduce 223, reduce 224) on TOK_DIV
253: reduce/reduce conflict (reduce 223, reduce 224) on TOK_MOD
253: reduce/reduce conflict (reduce 223, reduce 224) on TOK_BOREQ
253: reduce/reduce conflict (reduce 223, reduce 224) on TOK_BANDEQ
253: reduce/reduce conflict (reduce 223, reduce 224) on TOK_BXOREQ
253: reduce/reduce conflict (reduce 223, reduce 224) on TOK_LSHIFTEQ
253: reduce/reduce conflict (reduce 223, reduce 224) on TOK_RSHIFTEQ
253: reduce/reduce conflict (reduce 223, reduce 224) on TOK_ADDEQ
253: reduce/reduce conflict (reduce 223, reduce 224) on TOK_MINUSEQ
253: reduce/reduce conflict (reduce 223, reduce 224) on TOK_MULEQ
253: reduce/reduce conflict (reduce 223, reduce 224) on TOK_DIVEQ
253: reduce/reduce conflict (reduce 223, reduce 224) on TOK_MODEQ
253: reduce/reduce conflict (reduce 223, reduce 224) on TOK_UpperIdent
253: reduce/reduce conflict (reduce 223, reduce 224) on TOK_LowerIdent
253: reduce/reduce conflict (reduce 223, reduce 224) on TOK_Integer
253: reduce/reduce conflict (reduce 223, reduce 224) on TOK_Double
253: reduce/reduce conflict (reduce 223, reduce 224) on TOK_Char
253: reduce/reduce conflict (reduce 223, reduce 224) on TOK_String
253: reduce/reduce conflict (reduce 223, reduce 224) on TOK_TyBool
253: reduce/reduce conflict (reduce 223, reduce 224) on TOK_TyChar
253: reduce/reduce conflict (reduce 223, reduce 224) on TOK_TyInt
253: reduce/reduce conflict (reduce 223, reduce 224) on TOK_TyFloat
253: reduce/reduce conflict (reduce 223, reduce 224) on TOK_TRUE
253: reduce/reduce conflict (reduce 223, reduce 224) on TOK_FALSE
253: reduce/reduce conflict (reduce 223, reduce 224) on TOK_THIS
253: reduce/reduce conflict (reduce 223, reduce 224) on TOK_AS
253: reduce/reduce conflict (reduce 223, reduce 224) on TOK_MUT
253: reduce/reduce conflict (reduce 223, reduce 224) on TOK_IN
state 253
	pattern : TOK_LowerIdent . TOK_LPAREN pattern_list_nonempty TOK_RPAREN  (219)
	pattern : TOK_LowerIdent . TOK_LBRACE struct_pattern_fields TOK_RBRACE  (221)
	variable_pattern : TOK_LowerIdent .  (223)
	variable_pattern : TOK_MUT TOK_LowerIdent .  (224)
	variable_pattern : TOK_LowerIdent . TOK_COLON typ  (225)
	variable_pattern : TOK_MUT TOK_LowerIdent . TOK_COLON typ  (226)

	TOK_LPAREN  shift 250
	TOK_LBRACE  shift 251
	TOK_COLON  shift 347
	TOK_RPAREN  reduce 223
	TOK_RBRACE  reduce 223
	TOK_COMMA  reduce 223
	TOK_SEMICOLON  reduce 223
	TOK_EQ  reduce 223
	TOK_EQGT  reduce 223
	TOK_MINUSGT  reduce 223
	TOK_MINUS  reduce 223
	TOK_BANG  reduce 223
	TOK_LT  reduce 223
	TOK_LTEQ  reduce 223
	TOK_GT  reduce 223
	TOK_GTEQ  reduce 223
	TOK_EQEQ  reduce 223
	TOK_BANGEQ  reduce 223
	TOK_LOR  reduce 223
	TOK_LAND  reduce 223
	TOK_LXOR  reduce 223
	TOK_BOR  reduce 223
	TOK_BAND  reduce 223
	TOK_BXOR  reduce 223
	TOK_LSHIFT  reduce 223
	TOK_RSHIFT  reduce 223
	TOK_ADD  reduce 223
	TOK_MUL  reduce 223
	TOK_DIV  reduce 223
	TOK_MOD  reduce 223
	TOK_BOREQ  reduce 223
	TOK_BANDEQ  reduce 223
	TOK_BXOREQ  reduce 223
	TOK_LSHIFTEQ  reduce 223
	TOK_RSHIFTEQ  reduce 223
	TOK_ADDEQ  reduce 223
	TOK_MINUSEQ  reduce 223
	TOK_MULEQ  reduce 223
	TOK_DIVEQ  reduce 223
	TOK_MODEQ  reduce 223
	TOK_UpperIdent  reduce 223
	TOK_LowerIdent  reduce 223
	TOK_Integer  reduce 223
	TOK_Double  reduce 223
	TOK_Char  reduce 223
	TOK_String  reduce 223
	TOK_TyBool  reduce 223
	TOK_TyChar  reduce 223
	TOK_TyInt  reduce 223
	TOK_TyFloat  reduce 223
	TOK_TRUE  reduce 223
	TOK_FALSE  reduce 223
	TOK_THIS  reduce 223
	TOK_AS  reduce 223
	TOK_MUT  reduce 223
	TOK_IN  reduce 223


254: shift/reduce conflict (shift 257, reduce 209) on TOK_COLON
254: shift/reduce conflict (shift 260, reduce 209) on TOK_AS
state 254
	pattern : TOK_MUT pattern .  (209)
	pattern : pattern . TOK_AS variable_pattern  (210)
	pattern : pattern . TOK_COLON typ  (211)
	pattern : pattern . TOK_AS error  (216)

	TOK_COLON  shift 257
	TOK_AS  shift 260
	TOK_LPAREN  reduce 209
	TOK_RPAREN  reduce 209
	TOK_RBRACE  reduce 209
	TOK_COMMA  reduce 209
	TOK_SEMICOLON  reduce 209
	TOK_EQ  reduce 209
	TOK_EQGT  reduce 209
	TOK_MINUSGT  reduce 209
	TOK_MINUS  reduce 209
	TOK_BANG  reduce 209
	TOK_LT  reduce 209
	TOK_LTEQ  reduce 209
	TOK_GT  reduce 209
	TOK_GTEQ  reduce 209
	TOK_EQEQ  reduce 209
	TOK_BANGEQ  reduce 209
	TOK_LOR  reduce 209
	TOK_LAND  reduce 209
	TOK_LXOR  reduce 209
	TOK_BOR  reduce 209
	TOK_BAND  reduce 209
	TOK_BXOR  reduce 209
	TOK_LSHIFT  reduce 209
	TOK_RSHIFT  reduce 209
	TOK_ADD  reduce 209
	TOK_MUL  reduce 209
	TOK_DIV  reduce 209
	TOK_MOD  reduce 209
	TOK_BOREQ  reduce 209
	TOK_BANDEQ  reduce 209
	TOK_BXOREQ  reduce 209
	TOK_LSHIFTEQ  reduce 209
	TOK_RSHIFTEQ  reduce 209
	TOK_ADDEQ  reduce 209
	TOK_MINUSEQ  reduce 209
	TOK_MULEQ  reduce 209
	TOK_DIVEQ  reduce 209
	TOK_MODEQ  reduce 209
	TOK_UpperIdent  reduce 209
	TOK_LowerIdent  reduce 209
	TOK_Integer  reduce 209
	TOK_Double  reduce 209
	TOK_Char  reduce 209
	TOK_String  reduce 209
	TOK_TyBool  reduce 209
	TOK_TyChar  reduce 209
	TOK_TyInt  reduce 209
	TOK_TyFloat  reduce 209
	TOK_TRUE  reduce 209
	TOK_FALSE  reduce 209
	TOK_THIS  reduce 209
	TOK_MUT  reduce 209
	TOK_IN  reduce 209


state 255
	top_clause : TOK_LET variable_pattern TOK_SEMICOLON .  (94)

	.  reduce 94


state 256
	top_clause : TOK_LET variable_pattern TOK_EQ . expr TOK_SEMICOLON  (93)
	top_clause : TOK_LET variable_pattern TOK_EQ . expr error  (95)

	TOK_LPAREN  shift 5
	TOK_EQ  shift 84
	TOK_EQGT  shift 8
	TOK_MINUSGT  shift 9
	TOK_MINUS  shift 10
	TOK_BANG  shift 11
	TOK_LT  shift 12
	TOK_LTEQ  shift 13
	TOK_GT  shift 14
	TOK_GTEQ  shift 15
	TOK_EQEQ  shift 16
	TOK_BANGEQ  shift 17
	TOK_LOR  shift 18
	TOK_LAND  shift 19
	TOK_LXOR  shift 20
	TOK_BOR  shift 21
	TOK_BAND  shift 22
	TOK_BXOR  shift 23
	TOK_LSHIFT  shift 24
	TOK_RSHIFT  shift 25
	TOK_ADD  shift 26
	TOK_MUL  shift 27
	TOK_DIV  shift 28
	TOK_MOD  shift 29
	TOK_BOREQ  shift 85
	TOK_BANDEQ  shift 86
	TOK_BXOREQ  shift 87
	TOK_LSHIFTEQ  shift 88
	TOK_RSHIFTEQ  shift 89
	TOK_ADDEQ  shift 90
	TOK_MINUSEQ  shift 91
	TOK_MULEQ  shift 92
	TOK_DIVEQ  shift 93
	TOK_MODEQ  shift 94
	TOK_UpperIdent  shift 40
	TOK_LowerIdent  shift 95
	TOK_Integer  shift 42
	TOK_Double  shift 43
	TOK_Char  shift 44
	TOK_String  shift 45
	TOK_TyBool  shift 46
	TOK_TyChar  shift 47
	TOK_TyInt  shift 48
	TOK_TyFloat  shift 49
	TOK_TRUE  shift 50
	TOK_FALSE  shift 51
	TOK_THIS  shift 52
	TOK_MUT  shift 60
	.  error

	bi_op_token  goto 68
	asgn_token  goto 69
	arrow_token  goto 70
	type_token  goto 71
	expr  goto 348
	literal  goto 79
	small_expr  goto 80
	atom_expr  goto 81


state 257
	pattern : pattern TOK_COLON . typ  (211)

	error  shift 337
	TOK_LPAREN  shift 338
	TOK_LBRACK  shift 339
	TOK_UpperIdent  shift 340
	TOK_TyBool  shift 341
	TOK_TyChar  shift 342
	TOK_TyThis  shift 343
	TOK_TyInt  shift 344
	TOK_TyFloat  shift 345
	.  error

	typ  goto 349


state 258
	stmt : TOK_LET pattern TOK_SEMICOLON .  (151)

	.  reduce 151


259: shift/reduce conflict (shift 350, reduce 31) on TOK_SEMICOLON
259: shift/reduce conflict (shift 8, reduce 31) on TOK_EQGT
259: shift/reduce conflict (shift 9, reduce 31) on TOK_MINUSGT
259: shift/reduce conflict (shift 10, reduce 31) on TOK_MINUS
259: shift/reduce conflict (shift 11, reduce 31) on TOK_BANG
259: shift/reduce conflict (shift 12, reduce 31) on TOK_LT
259: shift/reduce conflict (shift 13, reduce 31) on TOK_LTEQ
259: shift/reduce conflict (shift 14, reduce 31) on TOK_GT
259: shift/reduce conflict (shift 15, reduce 31) on TOK_GTEQ
259: shift/reduce conflict (shift 16, reduce 31) on TOK_EQEQ
259: shift/reduce conflict (shift 17, reduce 31) on TOK_BANGEQ
259: shift/reduce conflict (shift 18, reduce 31) on TOK_LOR
259: shift/reduce conflict (shift 19, reduce 31) on TOK_LAND
259: shift/reduce conflict (shift 20, reduce 31) on TOK_LXOR
259: shift/reduce conflict (shift 21, reduce 31) on TOK_BOR
259: shift/reduce conflict (shift 22, reduce 31) on TOK_BAND
259: shift/reduce conflict (shift 23, reduce 31) on TOK_BXOR
259: shift/reduce conflict (shift 24, reduce 31) on TOK_LSHIFT
259: shift/reduce conflict (shift 25, reduce 31) on TOK_RSHIFT
259: shift/reduce conflict (shift 26, reduce 31) on TOK_ADD
259: shift/reduce conflict (shift 27, reduce 31) on TOK_MUL
259: shift/reduce conflict (shift 28, reduce 31) on TOK_DIV
259: shift/reduce conflict (shift 29, reduce 31) on TOK_MOD
259: shift/reduce conflict (shift 40, reduce 31) on TOK_UpperIdent
259: shift/reduce conflict (shift 95, reduce 31) on TOK_LowerIdent
259: shift/reduce conflict (shift 46, reduce 31) on TOK_TyBool
259: shift/reduce conflict (shift 47, reduce 31) on TOK_TyChar
259: shift/reduce conflict (shift 48, reduce 31) on TOK_TyInt
259: shift/reduce conflict (shift 49, reduce 31) on TOK_TyFloat
259: shift/reduce conflict (shift 60, reduce 31) on TOK_MUT
state 259
	asgn_token : TOK_EQ .  (31)
	stmt : TOK_LET pattern TOK_EQ . expr TOK_SEMICOLON  (150)
	stmt : TOK_LET pattern TOK_EQ . expr error  (162)
	stmt : TOK_LET pattern TOK_EQ . TOK_SEMICOLON  (181)

	TOK_LPAREN  shift 5
	TOK_SEMICOLON  shift 350
	TOK_EQ  shift 84
	TOK_EQGT  shift 8
	TOK_MINUSGT  shift 9
	TOK_MINUS  shift 10
	TOK_BANG  shift 11
	TOK_LT  shift 12
	TOK_LTEQ  shift 13
	TOK_GT  shift 14
	TOK_GTEQ  shift 15
	TOK_EQEQ  shift 16
	TOK_BANGEQ  shift 17
	TOK_LOR  shift 18
	TOK_LAND  shift 19
	TOK_LXOR  shift 20
	TOK_BOR  shift 21
	TOK_BAND  shift 22
	TOK_BXOR  shift 23
	TOK_LSHIFT  shift 24
	TOK_RSHIFT  shift 25
	TOK_ADD  shift 26
	TOK_MUL  shift 27
	TOK_DIV  shift 28
	TOK_MOD  shift 29
	TOK_BOREQ  shift 85
	TOK_BANDEQ  shift 86
	TOK_BXOREQ  shift 87
	TOK_LSHIFTEQ  shift 88
	TOK_RSHIFTEQ  shift 89
	TOK_ADDEQ  shift 90
	TOK_MINUSEQ  shift 91
	TOK_MULEQ  shift 92
	TOK_DIVEQ  shift 93
	TOK_MODEQ  shift 94
	TOK_UpperIdent  shift 40
	TOK_LowerIdent  shift 95
	TOK_Integer  shift 42
	TOK_Double  shift 43
	TOK_Char  shift 44
	TOK_String  shift 45
	TOK_TyBool  shift 46
	TOK_TyChar  shift 47
	TOK_TyInt  shift 48
	TOK_TyFloat  shift 49
	TOK_TRUE  shift 50
	TOK_FALSE  shift 51
	TOK_THIS  shift 52
	TOK_MUT  shift 60
	error  reduce 31
	TOK_AS  reduce 31
	TOK_IF  reduce 31
	TOK_ELSE  reduce 31
	TOK_WHILE  reduce 31
	TOK_FOR  reduce 31
	TOK_BREAK  reduce 31
	TOK_CONTINUE  reduce 31
	TOK_LET  reduce 31
	TOK_IN  reduce 31
	TOK_MATCH  reduce 31
	TOK_FUN  reduce 31
	TOK_RETURN  reduce 31
	TOK_INTERFACE  reduce 31
	TOK_IMPL  reduce 31
	TOK_EXTENDS  reduce 31
	TOK_TYPE  reduce 31

	bi_op_token  goto 68
	asgn_token  goto 69
	arrow_token  goto 70
	type_token  goto 71
	expr  goto 351
	literal  goto 79
	small_expr  goto 80
	atom_expr  goto 81


state 260
	pattern : pattern TOK_AS . variable_pattern  (210)
	pattern : pattern TOK_AS . error  (216)

	error  shift 352
	TOK_LowerIdent  shift 353
	TOK_MUT  shift 354
	.  error

	variable_pattern  goto 355


state 261
	stmt : TOK_LET pattern expr . TOK_SEMICOLON  (180)

	TOK_SEMICOLON  shift 356
	.  error


262: reduce/reduce conflict (reduce 176, reduce 282) on error
262: reduce/reduce conflict (reduce 176, reduce 282) on TOK_EQGT
262: reduce/reduce conflict (reduce 176, reduce 282) on TOK_MINUSGT
262: reduce/reduce conflict (reduce 176, reduce 282) on TOK_MINUS
262: reduce/reduce conflict (reduce 176, reduce 282) on TOK_BANG
262: reduce/reduce conflict (reduce 176, reduce 282) on TOK_LT
262: reduce/reduce conflict (reduce 176, reduce 282) on TOK_LTEQ
262: reduce/reduce conflict (reduce 176, reduce 282) on TOK_GT
262: reduce/reduce conflict (reduce 176, reduce 282) on TOK_GTEQ
262: reduce/reduce conflict (reduce 176, reduce 282) on TOK_EQEQ
262: reduce/reduce conflict (reduce 176, reduce 282) on TOK_BANGEQ
262: reduce/reduce conflict (reduce 176, reduce 282) on TOK_LOR
262: reduce/reduce conflict (reduce 176, reduce 282) on TOK_LAND
262: reduce/reduce conflict (reduce 176, reduce 282) on TOK_LXOR
262: reduce/reduce conflict (reduce 176, reduce 282) on TOK_BOR
262: reduce/reduce conflict (reduce 176, reduce 282) on TOK_BAND
262: reduce/reduce conflict (reduce 176, reduce 282) on TOK_BXOR
262: reduce/reduce conflict (reduce 176, reduce 282) on TOK_LSHIFT
262: reduce/reduce conflict (reduce 176, reduce 282) on TOK_RSHIFT
262: reduce/reduce conflict (reduce 176, reduce 282) on TOK_ADD
262: reduce/reduce conflict (reduce 176, reduce 282) on TOK_MUL
262: reduce/reduce conflict (reduce 176, reduce 282) on TOK_DIV
262: reduce/reduce conflict (reduce 176, reduce 282) on TOK_MOD
262: reduce/reduce conflict (reduce 176, reduce 282) on TOK_UpperIdent
262: reduce/reduce conflict (reduce 176, reduce 282) on TOK_LowerIdent
262: reduce/reduce conflict (reduce 176, reduce 282) on TOK_TyBool
262: reduce/reduce conflict (reduce 176, reduce 282) on TOK_TyChar
262: reduce/reduce conflict (reduce 176, reduce 282) on TOK_TyInt
262: reduce/reduce conflict (reduce 176, reduce 282) on TOK_TyFloat
262: reduce/reduce conflict (reduce 176, reduce 282) on TOK_IF
262: reduce/reduce conflict (reduce 176, reduce 282) on TOK_ELSE
262: reduce/reduce conflict (reduce 176, reduce 282) on TOK_WHILE
262: reduce/reduce conflict (reduce 176, reduce 282) on TOK_FOR
262: reduce/reduce conflict (reduce 176, reduce 282) on TOK_BREAK
262: reduce/reduce conflict (reduce 176, reduce 282) on TOK_CONTINUE
262: reduce/reduce conflict (reduce 176, reduce 282) on TOK_LET
262: reduce/reduce conflict (reduce 176, reduce 282) on TOK_MUT
262: reduce/reduce conflict (reduce 176, reduce 282) on TOK_MATCH
262: reduce/reduce conflict (reduce 176, reduce 282) on TOK_RETURN
state 262
	stmt : TOK_MATCH TOK_LPAREN error .  (176)
	atom_expr : TOK_LPAREN error .  (282)

	error  reduce 176
	TOK_LPAREN  reduce 176
	TOK_RPAREN  reduce 282
	TOK_LBRACE  reduce 176
	TOK_RBRACE  reduce 176
	TOK_SEMICOLON  reduce 176
	TOK_EQ  reduce 176
	TOK_EQGT  reduce 176
	TOK_MINUSGT  reduce 176
	TOK_DOT  reduce 282
	TOK_UNDERSCORE  reduce 176
	TOK_MINUS  reduce 176
	TOK_BANG  reduce 176
	TOK_LT  reduce 176
	TOK_LTEQ  reduce 176
	TOK_GT  reduce 176
	TOK_GTEQ  reduce 176
	TOK_EQEQ  reduce 176
	TOK_BANGEQ  reduce 176
	TOK_LOR  reduce 176
	TOK_LAND  reduce 176
	TOK_LXOR  reduce 176
	TOK_BOR  reduce 176
	TOK_BAND  reduce 176
	TOK_BXOR  reduce 176
	TOK_LSHIFT  reduce 176
	TOK_RSHIFT  reduce 176
	TOK_ADD  reduce 176
	TOK_MUL  reduce 176
	TOK_DIV  reduce 176
	TOK_MOD  reduce 176
	TOK_BOREQ  reduce 176
	TOK_BANDEQ  reduce 176
	TOK_BXOREQ  reduce 176
	TOK_LSHIFTEQ  reduce 176
	TOK_RSHIFTEQ  reduce 176
	TOK_ADDEQ  reduce 176
	TOK_MINUSEQ  reduce 176
	TOK_MULEQ  reduce 176
	TOK_DIVEQ  reduce 176
	TOK_MODEQ  reduce 176
	TOK_UpperIdent  reduce 176
	TOK_LowerIdent  reduce 176
	TOK_Integer  reduce 176
	TOK_Double  reduce 176
	TOK_Char  reduce 176
	TOK_String  reduce 176
	TOK_TyBool  reduce 176
	TOK_TyChar  reduce 176
	TOK_TyInt  reduce 176
	TOK_TyFloat  reduce 176
	TOK_TRUE  reduce 176
	TOK_FALSE  reduce 176
	TOK_THIS  reduce 176
	TOK_AS  reduce 282
	TOK_IF  reduce 176
	TOK_ELSE  reduce 176
	TOK_WHILE  reduce 176
	TOK_FOR  reduce 176
	TOK_BREAK  reduce 176
	TOK_CONTINUE  reduce 176
	TOK_LET  reduce 176
	TOK_MUT  reduce 176
	TOK_IN  reduce 282
	TOK_MATCH  reduce 176
	TOK_FUN  reduce 282
	TOK_RETURN  reduce 176
	TOK_INTERFACE  reduce 282
	TOK_IMPL  reduce 282
	TOK_EXTENDS  reduce 282
	TOK_TYPE  reduce 282


263: shift/reduce conflict (shift 98, reduce 199) on error
263: shift/reduce conflict (shift 8, reduce 199) on TOK_EQGT
263: shift/reduce conflict (shift 9, reduce 199) on TOK_MINUSGT
263: shift/reduce conflict (shift 10, reduce 199) on TOK_MINUS
263: shift/reduce conflict (shift 11, reduce 199) on TOK_BANG
263: shift/reduce conflict (shift 12, reduce 199) on TOK_LT
263: shift/reduce conflict (shift 13, reduce 199) on TOK_LTEQ
263: shift/reduce conflict (shift 14, reduce 199) on TOK_GT
263: shift/reduce conflict (shift 15, reduce 199) on TOK_GTEQ
263: shift/reduce conflict (shift 16, reduce 199) on TOK_EQEQ
263: shift/reduce conflict (shift 17, reduce 199) on TOK_BANGEQ
263: shift/reduce conflict (shift 18, reduce 199) on TOK_LOR
263: shift/reduce conflict (shift 19, reduce 199) on TOK_LAND
263: shift/reduce conflict (shift 20, reduce 199) on TOK_LXOR
263: shift/reduce conflict (shift 21, reduce 199) on TOK_BOR
263: shift/reduce conflict (shift 22, reduce 199) on TOK_BAND
263: shift/reduce conflict (shift 23, reduce 199) on TOK_BXOR
263: shift/reduce conflict (shift 24, reduce 199) on TOK_LSHIFT
263: shift/reduce conflict (shift 25, reduce 199) on TOK_RSHIFT
263: shift/reduce conflict (shift 26, reduce 199) on TOK_ADD
263: shift/reduce conflict (shift 27, reduce 199) on TOK_MUL
263: shift/reduce conflict (shift 28, reduce 199) on TOK_DIV
263: shift/reduce conflict (shift 29, reduce 199) on TOK_MOD
263: shift/reduce conflict (shift 40, reduce 199) on TOK_UpperIdent
263: shift/reduce conflict (shift 41, reduce 199) on TOK_LowerIdent
263: shift/reduce conflict (shift 46, reduce 199) on TOK_TyBool
263: shift/reduce conflict (shift 47, reduce 199) on TOK_TyChar
263: shift/reduce conflict (shift 48, reduce 199) on TOK_TyInt
263: shift/reduce conflict (shift 49, reduce 199) on TOK_TyFloat
263: shift/reduce conflict (shift 53, reduce 199) on TOK_IF
263: shift/reduce conflict (shift 54, reduce 199) on TOK_ELSE
263: shift/reduce conflict (shift 55, reduce 199) on TOK_WHILE
263: shift/reduce conflict (shift 56, reduce 199) on TOK_FOR
263: shift/reduce conflict (shift 57, reduce 199) on TOK_BREAK
263: shift/reduce conflict (shift 58, reduce 199) on TOK_CONTINUE
263: shift/reduce conflict (shift 99, reduce 199) on TOK_LET
263: shift/reduce conflict (shift 60, reduce 199) on TOK_MUT
263: shift/reduce conflict (shift 61, reduce 199) on TOK_MATCH
263: shift/reduce conflict (shift 63, reduce 199) on TOK_RETURN
state 263
	stmt : TOK_MATCH TOK_LPAREN TOK_RPAREN . stmt  (168)
	literal : TOK_LPAREN TOK_RPAREN .  (199)

	error  shift 98
	TOK_LPAREN  shift 5
	TOK_LBRACE  shift 6
	TOK_EQ  shift 7
	TOK_EQGT  shift 8
	TOK_MINUSGT  shift 9
	TOK_MINUS  shift 10
	TOK_BANG  shift 11
	TOK_LT  shift 12
	TOK_LTEQ  shift 13
	TOK_GT  shift 14
	TOK_GTEQ  shift 15
	TOK_EQEQ  shift 16
	TOK_BANGEQ  shift 17
	TOK_LOR  shift 18
	TOK_LAND  shift 19
	TOK_LXOR  shift 20
	TOK_BOR  shift 21
	TOK_BAND  shift 22
	TOK_BXOR  shift 23
	TOK_LSHIFT  shift 24
	TOK_RSHIFT  shift 25
	TOK_ADD  shift 26
	TOK_MUL  shift 27
	TOK_DIV  shift 28
	TOK_MOD  shift 29
	TOK_BOREQ  shift 30
	TOK_BANDEQ  shift 31
	TOK_BXOREQ  shift 32
	TOK_LSHIFTEQ  shift 33
	TOK_RSHIFTEQ  shift 34
	TOK_ADDEQ  shift 35
	TOK_MINUSEQ  shift 36
	TOK_MULEQ  shift 37
	TOK_DIVEQ  shift 38
	TOK_MODEQ  shift 39
	TOK_UpperIdent  shift 40
	TOK_LowerIdent  shift 41
	TOK_Integer  shift 42
	TOK_Double  shift 43
	TOK_Char  shift 44
	TOK_String  shift 45
	TOK_TyBool  shift 46
	TOK_TyChar  shift 47
	TOK_TyInt  shift 48
	TOK_TyFloat  shift 49
	TOK_TRUE  shift 50
	TOK_FALSE  shift 51
	TOK_THIS  shift 52
	TOK_IF  shift 53
	TOK_ELSE  shift 54
	TOK_WHILE  shift 55
	TOK_FOR  shift 56
	TOK_BREAK  shift 57
	TOK_CONTINUE  shift 58
	TOK_LET  shift 99
	TOK_MUT  shift 60
	TOK_MATCH  shift 61
	TOK_RETURN  shift 63
	TOK_RPAREN  reduce 199
	TOK_DOT  reduce 199
	TOK_AS  reduce 199
	TOK_IN  reduce 199
	TOK_FUN  reduce 199
	TOK_INTERFACE  reduce 199
	TOK_IMPL  reduce 199
	TOK_EXTENDS  reduce 199
	TOK_TYPE  reduce 199

	bi_op_token  goto 68
	asgn_token  goto 69
	arrow_token  goto 70
	type_token  goto 71
	expr  goto 74
	stmt  goto 357
	lvalue  goto 77
	assignment_op  goto 78
	literal  goto 79
	small_expr  goto 80
	atom_expr  goto 81


264: shift/reduce conflict (shift 358, reduce 294) on TOK_RPAREN
state 264
	stmt : TOK_MATCH TOK_LPAREN expr . TOK_RPAREN TOK_LBRACE match_branches TOK_RBRACE  (157)
	expr_list : expr .  (294)
	expr_list : expr . TOK_COMMA expr_list  (295)

	TOK_RPAREN  shift 358
	TOK_COMMA  shift 200


state 265
	stmt : TOK_MATCH expr TOK_RPAREN .  (173)

	.  reduce 173


state 266
	function_decl : TOK_FUN TOK_LowerIdent TOK_LPAREN . function_decl_args TOK_RPAREN function_decl_ret  (118)
	function_decl_args : .  (119)

	error  shift 359
	TOK_LowerIdent  shift 360
	TOK_RPAREN  reduce 119

	function_decl_args  goto 361
	function_decl_args_nonempty  goto 362
	function_decl_arg  goto 363


state 267
	stmt : TOK_RETURN expr error .  (158)

	.  reduce 158


state 268
	stmt : TOK_RETURN expr TOK_SEMICOLON .  (146)

	.  reduce 146


state 269
	top_clause : TOK_INTERFACE TOK_UpperIdent TOK_LBRACE . function_decls TOK_RBRACE  (87)
	function_decls : .  (115)

	TOK_FUN  shift 62
	TOK_RBRACE  reduce 115

	function_decls  goto 364
	function_decl  goto 365


state 270
	top_clause : TOK_INTERFACE TOK_UpperIdent TOK_EXTENDS . interface_name_list_nonempty TOK_LBRACE function_decls TOK_RBRACE  (88)

	TOK_UpperIdent  shift 366
	.  error

	interface_name_list_nonempty  goto 367


state 271
	top_clause : TOK_IMPL TOK_UpperIdent TOK_LBRACE . function_impls TOK_RBRACE  (89)
	function_impls : .  (127)

	TOK_FUN  shift 62
	TOK_RBRACE  reduce 127

	function_impls  goto 368
	function_impl  goto 369
	function_decl  goto 76


state 272
	top_clause : TOK_IMPL TOK_UpperIdent TOK_FOR . TOK_UpperIdent TOK_LBRACE function_impls TOK_RBRACE  (90)

	TOK_UpperIdent  shift 370
	.  error


state 273
	top_clause : TOK_TYPE TOK_UpperIdent TOK_LBRACK . adt_branches TOK_RBRACK  (86)
	adt_branches : .  (103)

	error  shift 371
	TOK_UpperIdent  shift 372
	TOK_RBRACK  reduce 103

	adt_branches  goto 373
	adt_branch  goto 374


state 274
	top_clause : TOK_TYPE TOK_UpperIdent TOK_LBRACE . struct_fields TOK_RBRACE  (85)
	struct_fields : .  (98)

	TOK_LowerIdent  shift 375
	TOK_AS  shift 376
	TOK_RBRACE  reduce 98

	struct_fields  goto 377
	struct_field  goto 378


state 275
	stmt : expr assignment_op expr . TOK_SEMICOLON  (170)

	TOK_SEMICOLON  shift 379
	.  error


state 276
	function_impl : function_decl TOK_LBRACE stmt_list . TOK_RBRACE  (130)

	TOK_RBRACE  shift 380
	.  error


state 277
	stmt : lvalue assignment_op expr . TOK_SEMICOLON  (149)
	stmt : lvalue assignment_op expr . error  (161)

	error  shift 381
	TOK_SEMICOLON  shift 382
	.  error


state 278
	stmt : assignment_op expr TOK_SEMICOLON .  (169)

	.  reduce 169


state 279
	expr : small_expr TOK_MINUS expr .  (250)

	.  reduce 250


state 280
	expr : small_expr TOK_LT expr .  (235)

	.  reduce 235


state 281
	expr : small_expr TOK_LTEQ expr .  (236)

	.  reduce 236


state 282
	expr : small_expr TOK_GT expr .  (237)

	.  reduce 237


state 283
	expr : small_expr TOK_GTEQ expr .  (238)

	.  reduce 238


state 284
	expr : small_expr TOK_EQEQ expr .  (239)

	.  reduce 239


state 285
	expr : small_expr TOK_BANGEQ expr .  (240)

	.  reduce 240


state 286
	expr : small_expr TOK_LOR expr .  (241)

	.  reduce 241


state 287
	expr : small_expr TOK_LAND expr .  (242)

	.  reduce 242


state 288
	expr : small_expr TOK_LXOR expr .  (243)

	.  reduce 243


state 289
	expr : small_expr TOK_BOR expr .  (244)

	.  reduce 244


state 290
	expr : small_expr TOK_BAND expr .  (245)

	.  reduce 245


state 291
	expr : small_expr TOK_BXOR expr .  (246)

	.  reduce 246


state 292
	expr : small_expr TOK_LSHIFT expr .  (247)

	.  reduce 247


state 293
	expr : small_expr TOK_RSHIFT expr .  (248)

	.  reduce 248


state 294
	expr : small_expr TOK_ADD expr .  (249)

	.  reduce 249


state 295
	expr : small_expr TOK_MUL expr .  (251)

	.  reduce 251


state 296
	expr : small_expr TOK_DIV expr .  (252)

	.  reduce 252


state 297
	expr : small_expr TOK_MOD expr .  (253)

	.  reduce 253


state 298
	brace_token : TOK_LBRACE .  (1)

	.  reduce 1


state 299
	brace_token : TOK_RBRACE .  (2)

	.  reduce 2


state 300
	atom_expr : atom_expr TOK_DOT TOK_UpperIdent .  (279)

	.  reduce 279


state 301
	atom_expr : atom_expr TOK_DOT TOK_LowerIdent .  (278)
	atom_expr : atom_expr TOK_DOT TOK_LowerIdent . TOK_LPAREN expr_list TOK_RPAREN  (281)
	atom_expr : atom_expr TOK_DOT TOK_LowerIdent . TOK_LPAREN error  (285)

	TOK_LPAREN  shift 383
	error  reduce 278
	TOK_RPAREN  reduce 278
	TOK_RBRACE  reduce 278
	TOK_COMMA  reduce 278
	TOK_SEMICOLON  reduce 278
	TOK_EQ  reduce 278
	TOK_EQGT  reduce 278
	TOK_MINUSGT  reduce 278
	TOK_DOT  reduce 278
	TOK_MINUS  reduce 278
	TOK_BANG  reduce 278
	TOK_LT  reduce 278
	TOK_LTEQ  reduce 278
	TOK_GT  reduce 278
	TOK_GTEQ  reduce 278
	TOK_EQEQ  reduce 278
	TOK_BANGEQ  reduce 278
	TOK_LOR  reduce 278
	TOK_LAND  reduce 278
	TOK_LXOR  reduce 278
	TOK_BOR  reduce 278
	TOK_BAND  reduce 278
	TOK_BXOR  reduce 278
	TOK_LSHIFT  reduce 278
	TOK_RSHIFT  reduce 278
	TOK_ADD  reduce 278
	TOK_MUL  reduce 278
	TOK_DIV  reduce 278
	TOK_MOD  reduce 278
	TOK_BOREQ  reduce 278
	TOK_BANDEQ  reduce 278
	TOK_BXOREQ  reduce 278
	TOK_LSHIFTEQ  reduce 278
	TOK_RSHIFTEQ  reduce 278
	TOK_ADDEQ  reduce 278
	TOK_MINUSEQ  reduce 278
	TOK_MULEQ  reduce 278
	TOK_DIVEQ  reduce 278
	TOK_MODEQ  reduce 278
	TOK_UpperIdent  reduce 278
	TOK_LowerIdent  reduce 278
	TOK_TyBool  reduce 278
	TOK_TyChar  reduce 278
	TOK_TyInt  reduce 278
	TOK_TyFloat  reduce 278
	TOK_AS  reduce 278
	TOK_IF  reduce 278
	TOK_ELSE  reduce 278
	TOK_WHILE  reduce 278
	TOK_FOR  reduce 278
	TOK_BREAK  reduce 278
	TOK_CONTINUE  reduce 278
	TOK_LET  reduce 278
	TOK_MUT  reduce 278
	TOK_IN  reduce 278
	TOK_MATCH  reduce 278
	TOK_FUN  reduce 278
	TOK_RETURN  reduce 278
	TOK_INTERFACE  reduce 278
	TOK_IMPL  reduce 278
	TOK_EXTENDS  reduce 278
	TOK_TYPE  reduce 278


state 302
	non_ident_token : brace_token .  (77)

	.  reduce 77


state 303
	non_ident_token : bi_op_token .  (74)

	.  reduce 74


state 304
	non_ident_token : asgn_token .  (75)

	.  reduce 75


state 305
	non_ident_token : keyword_token .  (76)

	.  reduce 76


state 306
	non_ident_token : arrow_token .  (79)

	.  reduce 79


state 307
	non_ident_token : type_token .  (78)

	.  reduce 78


state 308
	non_ident_token : other_token .  (73)

	.  reduce 73


state 309
	atom_expr : atom_expr TOK_DOT non_ident_token .  (280)

	.  reduce 280


state 310
	expr_list : expr TOK_COMMA expr_list .  (295)

	.  reduce 295


state 311
	atom_expr : TOK_UpperIdent TOK_LPAREN expr_list TOK_RPAREN .  (276)

	.  reduce 276


state 312
	small_expr : TOK_UpperIdent TOK_LBRACE struct_expr_fields TOK_RBRACE .  (269)

	.  reduce 269


state 313
	struct_expr_fields : struct_expr_field TOK_COMMA . struct_expr_fields  (286)
	struct_expr_fields : .  (288)

	TOK_LPAREN  shift 210
	TOK_RPAREN  shift 211
	TOK_LBRACK  shift 212
	TOK_RBRACK  shift 213
	TOK_COLON  shift 214
	TOK_COMMA  shift 215
	TOK_SEMICOLON  shift 216
	TOK_DOT  shift 217
	TOK_UNDERSCORE  shift 218
	TOK_MINUS  shift 219
	TOK_BANG  shift 220
	TOK_UpperIdent  shift 221
	TOK_LowerIdent  shift 222
	TOK_Integer  shift 223
	TOK_Double  shift 224
	TOK_Char  shift 225
	TOK_String  shift 226
	TOK_TRUE  shift 227
	TOK_FALSE  shift 228
	TOK_THIS  shift 229
	TOK_RBRACE  reduce 288

	other_token  goto 230
	struct_expr_fields  goto 384
	struct_expr_field  goto 232
	struct_expr_field_name  goto 233


state 314
	any_token : TOK_UpperIdent .  (82)

	.  reduce 82


state 315
	any_token : TOK_LowerIdent .  (81)

	.  reduce 81


state 316
	any_token : non_ident_token .  (80)

	.  reduce 80


state 317
	struct_expr_field : struct_expr_field_name any_token . expr  (289)

	TOK_LPAREN  shift 5
	TOK_EQ  shift 84
	TOK_EQGT  shift 8
	TOK_MINUSGT  shift 9
	TOK_MINUS  shift 10
	TOK_BANG  shift 11
	TOK_LT  shift 12
	TOK_LTEQ  shift 13
	TOK_GT  shift 14
	TOK_GTEQ  shift 15
	TOK_EQEQ  shift 16
	TOK_BANGEQ  shift 17
	TOK_LOR  shift 18
	TOK_LAND  shift 19
	TOK_LXOR  shift 20
	TOK_BOR  shift 21
	TOK_BAND  shift 22
	TOK_BXOR  shift 23
	TOK_LSHIFT  shift 24
	TOK_RSHIFT  shift 25
	TOK_ADD  shift 26
	TOK_MUL  shift 27
	TOK_DIV  shift 28
	TOK_MOD  shift 29
	TOK_BOREQ  shift 85
	TOK_BANDEQ  shift 86
	TOK_BXOREQ  shift 87
	TOK_LSHIFTEQ  shift 88
	TOK_RSHIFTEQ  shift 89
	TOK_ADDEQ  shift 90
	TOK_MINUSEQ  shift 91
	TOK_MULEQ  shift 92
	TOK_DIVEQ  shift 93
	TOK_MODEQ  shift 94
	TOK_UpperIdent  shift 40
	TOK_LowerIdent  shift 95
	TOK_Integer  shift 42
	TOK_Double  shift 43
	TOK_Char  shift 44
	TOK_String  shift 45
	TOK_TyBool  shift 46
	TOK_TyChar  shift 47
	TOK_TyInt  shift 48
	TOK_TyFloat  shift 49
	TOK_TRUE  shift 50
	TOK_FALSE  shift 51
	TOK_THIS  shift 52
	TOK_MUT  shift 60
	.  error

	bi_op_token  goto 68
	asgn_token  goto 69
	arrow_token  goto 70
	type_token  goto 71
	expr  goto 385
	literal  goto 79
	small_expr  goto 80
	atom_expr  goto 81


state 318
	atom_expr : TOK_LowerIdent TOK_LPAREN expr_list TOK_RPAREN .  (277)

	.  reduce 277


state 319
	stmt : TOK_IF TOK_LPAREN TOK_RPAREN stmt .  (165)

	.  reduce 165


state 320
	stmt : TOK_IF TOK_LPAREN expr TOK_RPAREN . stmt  (153)
	stmt : TOK_IF TOK_LPAREN expr TOK_RPAREN . stmt TOK_ELSE stmt  (154)

	error  shift 98
	TOK_LPAREN  shift 5
	TOK_LBRACE  shift 6
	TOK_EQ  shift 7
	TOK_EQGT  shift 8
	TOK_MINUSGT  shift 9
	TOK_MINUS  shift 10
	TOK_BANG  shift 11
	TOK_LT  shift 12
	TOK_LTEQ  shift 13
	TOK_GT  shift 14
	TOK_GTEQ  shift 15
	TOK_EQEQ  shift 16
	TOK_BANGEQ  shift 17
	TOK_LOR  shift 18
	TOK_LAND  shift 19
	TOK_LXOR  shift 20
	TOK_BOR  shift 21
	TOK_BAND  shift 22
	TOK_BXOR  shift 23
	TOK_LSHIFT  shift 24
	TOK_RSHIFT  shift 25
	TOK_ADD  shift 26
	TOK_MUL  shift 27
	TOK_DIV  shift 28
	TOK_MOD  shift 29
	TOK_BOREQ  shift 30
	TOK_BANDEQ  shift 31
	TOK_BXOREQ  shift 32
	TOK_LSHIFTEQ  shift 33
	TOK_RSHIFTEQ  shift 34
	TOK_ADDEQ  shift 35
	TOK_MINUSEQ  shift 36
	TOK_MULEQ  shift 37
	TOK_DIVEQ  shift 38
	TOK_MODEQ  shift 39
	TOK_UpperIdent  shift 40
	TOK_LowerIdent  shift 41
	TOK_Integer  shift 42
	TOK_Double  shift 43
	TOK_Char  shift 44
	TOK_String  shift 45
	TOK_TyBool  shift 46
	TOK_TyChar  shift 47
	TOK_TyInt  shift 48
	TOK_TyFloat  shift 49
	TOK_TRUE  shift 50
	TOK_FALSE  shift 51
	TOK_THIS  shift 52
	TOK_IF  shift 53
	TOK_ELSE  shift 54
	TOK_WHILE  shift 55
	TOK_FOR  shift 56
	TOK_BREAK  shift 57
	TOK_CONTINUE  shift 58
	TOK_LET  shift 99
	TOK_MUT  shift 60
	TOK_MATCH  shift 61
	TOK_RETURN  shift 63
	.  error

	bi_op_token  goto 68
	asgn_token  goto 69
	arrow_token  goto 70
	type_token  goto 71
	expr  goto 74
	stmt  goto 386
	lvalue  goto 77
	assignment_op  goto 78
	literal  goto 79
	small_expr  goto 80
	atom_expr  goto 81


state 321
	stmt : TOK_ELSE TOK_LPAREN TOK_RPAREN stmt .  (166)

	.  reduce 166


state 322
	stmt : TOK_WHILE TOK_LPAREN TOK_RPAREN stmt .  (167)

	.  reduce 167


state 323
	stmt : TOK_WHILE TOK_LPAREN expr TOK_RPAREN . stmt  (156)

	error  shift 98
	TOK_LPAREN  shift 5
	TOK_LBRACE  shift 6
	TOK_EQ  shift 7
	TOK_EQGT  shift 8
	TOK_MINUSGT  shift 9
	TOK_MINUS  shift 10
	TOK_BANG  shift 11
	TOK_LT  shift 12
	TOK_LTEQ  shift 13
	TOK_GT  shift 14
	TOK_GTEQ  shift 15
	TOK_EQEQ  shift 16
	TOK_BANGEQ  shift 17
	TOK_LOR  shift 18
	TOK_LAND  shift 19
	TOK_LXOR  shift 20
	TOK_BOR  shift 21
	TOK_BAND  shift 22
	TOK_BXOR  shift 23
	TOK_LSHIFT  shift 24
	TOK_RSHIFT  shift 25
	TOK_ADD  shift 26
	TOK_MUL  shift 27
	TOK_DIV  shift 28
	TOK_MOD  shift 29
	TOK_BOREQ  shift 30
	TOK_BANDEQ  shift 31
	TOK_BXOREQ  shift 32
	TOK_LSHIFTEQ  shift 33
	TOK_RSHIFTEQ  shift 34
	TOK_ADDEQ  shift 35
	TOK_MINUSEQ  shift 36
	TOK_MULEQ  shift 37
	TOK_DIVEQ  shift 38
	TOK_MODEQ  shift 39
	TOK_UpperIdent  shift 40
	TOK_LowerIdent  shift 41
	TOK_Integer  shift 42
	TOK_Double  shift 43
	TOK_Char  shift 44
	TOK_String  shift 45
	TOK_TyBool  shift 46
	TOK_TyChar  shift 47
	TOK_TyInt  shift 48
	TOK_TyFloat  shift 49
	TOK_TRUE  shift 50
	TOK_FALSE  shift 51
	TOK_THIS  shift 52
	TOK_IF  shift 53
	TOK_ELSE  shift 54
	TOK_WHILE  shift 55
	TOK_FOR  shift 56
	TOK_BREAK  shift 57
	TOK_CONTINUE  shift 58
	TOK_LET  shift 99
	TOK_MUT  shift 60
	TOK_MATCH  shift 61
	TOK_RETURN  shift 63
	.  error

	bi_op_token  goto 68
	asgn_token  goto 69
	arrow_token  goto 70
	type_token  goto 71
	expr  goto 74
	stmt  goto 387
	lvalue  goto 77
	assignment_op  goto 78
	literal  goto 79
	small_expr  goto 80
	atom_expr  goto 81


state 324
	stmt : TOK_FOR TOK_LPAREN pattern TOK_IN . expr TOK_RPAREN stmt  (155)
	stmt : TOK_FOR TOK_LPAREN pattern TOK_IN . TOK_RPAREN stmt  (179)

	TOK_LPAREN  shift 5
	TOK_RPAREN  shift 388
	TOK_EQ  shift 84
	TOK_EQGT  shift 8
	TOK_MINUSGT  shift 9
	TOK_MINUS  shift 10
	TOK_BANG  shift 11
	TOK_LT  shift 12
	TOK_LTEQ  shift 13
	TOK_GT  shift 14
	TOK_GTEQ  shift 15
	TOK_EQEQ  shift 16
	TOK_BANGEQ  shift 17
	TOK_LOR  shift 18
	TOK_LAND  shift 19
	TOK_LXOR  shift 20
	TOK_BOR  shift 21
	TOK_BAND  shift 22
	TOK_BXOR  shift 23
	TOK_LSHIFT  shift 24
	TOK_RSHIFT  shift 25
	TOK_ADD  shift 26
	TOK_MUL  shift 27
	TOK_DIV  shift 28
	TOK_MOD  shift 29
	TOK_BOREQ  shift 85
	TOK_BANDEQ  shift 86
	TOK_BXOREQ  shift 87
	TOK_LSHIFTEQ  shift 88
	TOK_RSHIFTEQ  shift 89
	TOK_ADDEQ  shift 90
	TOK_MINUSEQ  shift 91
	TOK_MULEQ  shift 92
	TOK_DIVEQ  shift 93
	TOK_MODEQ  shift 94
	TOK_UpperIdent  shift 40
	TOK_LowerIdent  shift 95
	TOK_Integer  shift 42
	TOK_Double  shift 43
	TOK_Char  shift 44
	TOK_String  shift 45
	TOK_TyBool  shift 46
	TOK_TyChar  shift 47
	TOK_TyInt  shift 48
	TOK_TyFloat  shift 49
	TOK_TRUE  shift 50
	TOK_FALSE  shift 51
	TOK_THIS  shift 52
	TOK_MUT  shift 60
	.  error

	bi_op_token  goto 68
	asgn_token  goto 69
	arrow_token  goto 70
	type_token  goto 71
	expr  goto 389
	literal  goto 79
	small_expr  goto 80
	atom_expr  goto 81


state 325
	stmt : TOK_FOR TOK_LPAREN pattern expr . TOK_RPAREN stmt  (178)

	TOK_RPAREN  shift 390
	.  error


state 326
	pattern_list_nonempty : pattern TOK_COMMA . pattern_list_nonempty  (228)

	error  shift 119
	TOK_LPAREN  shift 120
	TOK_UNDERSCORE  shift 121
	TOK_UpperIdent  shift 122
	TOK_LowerIdent  shift 123
	TOK_Integer  shift 42
	TOK_Double  shift 43
	TOK_Char  shift 44
	TOK_String  shift 45
	TOK_TRUE  shift 50
	TOK_FALSE  shift 51
	TOK_MUT  shift 124
	.  error

	variable_pattern  goto 202
	pattern  goto 246
	literal  goto 127
	pattern_list_nonempty  goto 391


state 327
	pattern : TOK_LPAREN pattern_list_nonempty TOK_RPAREN .  (215)

	.  reduce 215


state 328
	pattern : TOK_UpperIdent TOK_LPAREN TOK_RPAREN .  (217)

	.  reduce 217


state 329
	pattern : TOK_UpperIdent TOK_LPAREN pattern_list_nonempty . TOK_RPAREN  (213)

	TOK_RPAREN  shift 392
	.  error


330: reduce/reduce conflict (reduce 220, reduce 233) on TOK_RBRACE
330: reduce/reduce conflict (reduce 220, reduce 233) on TOK_COMMA
state 330
	pattern : TOK_UpperIdent TOK_LBRACE error .  (220)
	struct_pattern_field : error .  (233)

	.  reduce 220


state 331
	struct_pattern_field : TOK_LowerIdent . TOK_COLON pattern  (232)

	TOK_COLON  shift 393
	.  error


state 332
	pattern : TOK_UpperIdent TOK_LBRACE struct_pattern_fields . TOK_RBRACE  (214)

	TOK_RBRACE  shift 394
	.  error


state 333
	struct_pattern_fields : struct_pattern_field .  (230)
	struct_pattern_fields : struct_pattern_field . TOK_COMMA struct_pattern_fields  (231)

	TOK_COMMA  shift 395
	TOK_RBRACE  reduce 230


state 334
	pattern : TOK_LowerIdent TOK_LPAREN pattern_list_nonempty . TOK_RPAREN  (219)

	TOK_RPAREN  shift 396
	.  error


state 335
	struct_pattern_field : error .  (233)

	.  reduce 233


state 336
	pattern : TOK_LowerIdent TOK_LBRACE struct_pattern_fields . TOK_RBRACE  (221)

	TOK_RBRACE  shift 397
	.  error


state 337
	typ : error .  (140)

	.  reduce 140


state 338
	typ : TOK_LPAREN . TOK_RPAREN  (131)
	typ : TOK_LPAREN . typ_list_nonempty TOK_RPAREN  (139)

	error  shift 337
	TOK_LPAREN  shift 338
	TOK_RPAREN  shift 398
	TOK_LBRACK  shift 339
	TOK_UpperIdent  shift 340
	TOK_TyBool  shift 341
	TOK_TyChar  shift 342
	TOK_TyThis  shift 343
	TOK_TyInt  shift 344
	TOK_TyFloat  shift 345
	.  error

	typ  goto 399
	typ_list_nonempty  goto 400


state 339
	typ : TOK_LBRACK . typ TOK_SEMICOLON TOK_Integer TOK_RBRACK  (138)

	error  shift 337
	TOK_LPAREN  shift 338
	TOK_LBRACK  shift 339
	TOK_UpperIdent  shift 340
	TOK_TyBool  shift 341
	TOK_TyChar  shift 342
	TOK_TyThis  shift 343
	TOK_TyInt  shift 344
	TOK_TyFloat  shift 345
	.  error

	typ  goto 401


state 340
	typ : TOK_UpperIdent .  (137)

	.  reduce 137


state 341
	typ : TOK_TyBool .  (132)

	.  reduce 132


state 342
	typ : TOK_TyChar .  (135)

	.  reduce 135


state 343
	typ : TOK_TyThis .  (136)

	.  reduce 136


state 344
	typ : TOK_TyInt .  (133)

	.  reduce 133


state 345
	typ : TOK_TyFloat .  (134)

	.  reduce 134


state 346
	variable_pattern : TOK_LowerIdent TOK_COLON typ .  (225)

	.  reduce 225


state 347
	variable_pattern : TOK_LowerIdent TOK_COLON . typ  (225)
	variable_pattern : TOK_MUT TOK_LowerIdent TOK_COLON . typ  (226)

	error  shift 337
	TOK_LPAREN  shift 338
	TOK_LBRACK  shift 339
	TOK_UpperIdent  shift 340
	TOK_TyBool  shift 341
	TOK_TyChar  shift 342
	TOK_TyThis  shift 343
	TOK_TyInt  shift 344
	TOK_TyFloat  shift 345
	.  error

	typ  goto 402


state 348
	top_clause : TOK_LET variable_pattern TOK_EQ expr . TOK_SEMICOLON  (93)
	top_clause : TOK_LET variable_pattern TOK_EQ expr . error  (95)

	error  shift 403
	TOK_SEMICOLON  shift 404
	.  error


state 349
	pattern : pattern TOK_COLON typ .  (211)

	.  reduce 211


state 350
	stmt : TOK_LET pattern TOK_EQ TOK_SEMICOLON .  (181)

	.  reduce 181


state 351
	stmt : TOK_LET pattern TOK_EQ expr . TOK_SEMICOLON  (150)
	stmt : TOK_LET pattern TOK_EQ expr . error  (162)

	error  shift 405
	TOK_SEMICOLON  shift 406
	.  error


state 352
	pattern : pattern TOK_AS error .  (216)

	.  reduce 216


353: shift/reduce conflict (shift 252, reduce 223) on TOK_COLON
state 353
	variable_pattern : TOK_LowerIdent .  (223)
	variable_pattern : TOK_LowerIdent . TOK_COLON typ  (225)

	TOK_COLON  shift 252
	TOK_LPAREN  reduce 223
	TOK_RPAREN  reduce 223
	TOK_RBRACE  reduce 223
	TOK_COMMA  reduce 223
	TOK_SEMICOLON  reduce 223
	TOK_EQ  reduce 223
	TOK_EQGT  reduce 223
	TOK_MINUSGT  reduce 223
	TOK_MINUS  reduce 223
	TOK_BANG  reduce 223
	TOK_LT  reduce 223
	TOK_LTEQ  reduce 223
	TOK_GT  reduce 223
	TOK_GTEQ  reduce 223
	TOK_EQEQ  reduce 223
	TOK_BANGEQ  reduce 223
	TOK_LOR  reduce 223
	TOK_LAND  reduce 223
	TOK_LXOR  reduce 223
	TOK_BOR  reduce 223
	TOK_BAND  reduce 223
	TOK_BXOR  reduce 223
	TOK_LSHIFT  reduce 223
	TOK_RSHIFT  reduce 223
	TOK_ADD  reduce 223
	TOK_MUL  reduce 223
	TOK_DIV  reduce 223
	TOK_MOD  reduce 223
	TOK_BOREQ  reduce 223
	TOK_BANDEQ  reduce 223
	TOK_BXOREQ  reduce 223
	TOK_LSHIFTEQ  reduce 223
	TOK_RSHIFTEQ  reduce 223
	TOK_ADDEQ  reduce 223
	TOK_MINUSEQ  reduce 223
	TOK_MULEQ  reduce 223
	TOK_DIVEQ  reduce 223
	TOK_MODEQ  reduce 223
	TOK_UpperIdent  reduce 223
	TOK_LowerIdent  reduce 223
	TOK_Integer  reduce 223
	TOK_Double  reduce 223
	TOK_Char  reduce 223
	TOK_String  reduce 223
	TOK_TyBool  reduce 223
	TOK_TyChar  reduce 223
	TOK_TyInt  reduce 223
	TOK_TyFloat  reduce 223
	TOK_TRUE  reduce 223
	TOK_FALSE  reduce 223
	TOK_THIS  reduce 223
	TOK_AS  reduce 223
	TOK_MUT  reduce 223
	TOK_IN  reduce 223


state 354
	variable_pattern : TOK_MUT . TOK_LowerIdent  (224)
	variable_pattern : TOK_MUT . TOK_LowerIdent TOK_COLON typ  (226)

	TOK_LowerIdent  shift 407
	.  error


state 355
	pattern : pattern TOK_AS variable_pattern .  (210)

	.  reduce 210


state 356
	stmt : TOK_LET pattern expr TOK_SEMICOLON .  (180)

	.  reduce 180


state 357
	stmt : TOK_MATCH TOK_LPAREN TOK_RPAREN stmt .  (168)

	.  reduce 168


state 358
	stmt : TOK_MATCH TOK_LPAREN expr TOK_RPAREN . TOK_LBRACE match_branches TOK_RBRACE  (157)

	TOK_LBRACE  shift 408
	.  error


state 359
	function_decl_arg : error .  (124)

	.  reduce 124


state 360
	function_decl_arg : TOK_LowerIdent . TOK_COLON typ  (123)

	TOK_COLON  shift 409
	.  error


state 361
	function_decl : TOK_FUN TOK_LowerIdent TOK_LPAREN function_decl_args . TOK_RPAREN function_decl_ret  (118)

	TOK_RPAREN  shift 410
	.  error


state 362
	function_decl_args : function_decl_args_nonempty .  (120)

	.  reduce 120


state 363
	function_decl_args_nonempty : function_decl_arg .  (121)
	function_decl_args_nonempty : function_decl_arg . TOK_COMMA function_decl_args_nonempty  (122)

	TOK_COMMA  shift 411
	TOK_RPAREN  reduce 121


state 364
	top_clause : TOK_INTERFACE TOK_UpperIdent TOK_LBRACE function_decls . TOK_RBRACE  (87)

	TOK_RBRACE  shift 412
	.  error


state 365
	function_decls : function_decl .  (116)
	function_decls : function_decl . TOK_SEMICOLON function_decls  (117)

	TOK_SEMICOLON  shift 413
	TOK_RBRACE  reduce 116


state 366
	interface_name_list_nonempty : TOK_UpperIdent .  (113)
	interface_name_list_nonempty : TOK_UpperIdent . TOK_COMMA interface_name_list_nonempty  (114)

	TOK_COMMA  shift 414
	TOK_LBRACE  reduce 113


state 367
	top_clause : TOK_INTERFACE TOK_UpperIdent TOK_EXTENDS interface_name_list_nonempty . TOK_LBRACE function_decls TOK_RBRACE  (88)

	TOK_LBRACE  shift 415
	.  error


state 368
	top_clause : TOK_IMPL TOK_UpperIdent TOK_LBRACE function_impls . TOK_RBRACE  (89)

	TOK_RBRACE  shift 416
	.  error


state 369
	function_impls : function_impl .  (128)
	function_impls : function_impl . TOK_SEMICOLON function_impls  (129)

	TOK_SEMICOLON  shift 417
	TOK_RBRACE  reduce 128


state 370
	top_clause : TOK_IMPL TOK_UpperIdent TOK_FOR TOK_UpperIdent . TOK_LBRACE function_impls TOK_RBRACE  (90)

	TOK_LBRACE  shift 418
	.  error


state 371
	adt_branch : error .  (109)

	.  reduce 109


state 372
	adt_branch : TOK_UpperIdent .  (106)
	adt_branch : TOK_UpperIdent . TOK_LPAREN typ_list_nonempty TOK_RPAREN  (107)
	adt_branch : TOK_UpperIdent . TOK_LPAREN named_adt_params_nonempty TOK_RPAREN  (108)

	TOK_LPAREN  shift 419
	TOK_RBRACK  reduce 106
	TOK_COMMA  reduce 106


state 373
	top_clause : TOK_TYPE TOK_UpperIdent TOK_LBRACK adt_branches . TOK_RBRACK  (86)

	TOK_RBRACK  shift 420
	.  error


state 374
	adt_branches : adt_branch .  (104)
	adt_branches : adt_branch . TOK_COMMA adt_branches  (105)

	TOK_COMMA  shift 421
	TOK_RBRACK  reduce 104


state 375
	struct_field : TOK_LowerIdent . TOK_COLON typ  (101)

	TOK_COLON  shift 422
	.  error


state 376
	struct_field : TOK_AS . TOK_LowerIdent TOK_COLON typ  (102)

	TOK_LowerIdent  shift 423
	.  error


state 377
	top_clause : TOK_TYPE TOK_UpperIdent TOK_LBRACE struct_fields . TOK_RBRACE  (85)

	TOK_RBRACE  shift 424
	.  error


state 378
	struct_fields : struct_field .  (99)
	struct_fields : struct_field . TOK_COMMA struct_fields  (100)

	TOK_COMMA  shift 425
	TOK_RBRACE  reduce 99


state 379
	stmt : expr assignment_op expr TOK_SEMICOLON .  (170)

	.  reduce 170


state 380
	function_impl : function_decl TOK_LBRACE stmt_list TOK_RBRACE .  (130)

	.  reduce 130


state 381
	stmt : lvalue assignment_op expr error .  (161)

	.  reduce 161


state 382
	stmt : lvalue assignment_op expr TOK_SEMICOLON .  (149)

	.  reduce 149


state 383
	atom_expr : atom_expr TOK_DOT TOK_LowerIdent TOK_LPAREN . expr_list TOK_RPAREN  (281)
	atom_expr : atom_expr TOK_DOT TOK_LowerIdent TOK_LPAREN . error  (285)
	expr_list : .  (293)

	error  shift 426
	TOK_LPAREN  shift 5
	TOK_EQ  shift 84
	TOK_EQGT  shift 8
	TOK_MINUSGT  shift 9
	TOK_MINUS  shift 10
	TOK_BANG  shift 11
	TOK_LT  shift 12
	TOK_LTEQ  shift 13
	TOK_GT  shift 14
	TOK_GTEQ  shift 15
	TOK_EQEQ  shift 16
	TOK_BANGEQ  shift 17
	TOK_LOR  shift 18
	TOK_LAND  shift 19
	TOK_LXOR  shift 20
	TOK_BOR  shift 21
	TOK_BAND  shift 22
	TOK_BXOR  shift 23
	TOK_LSHIFT  shift 24
	TOK_RSHIFT  shift 25
	TOK_ADD  shift 26
	TOK_MUL  shift 27
	TOK_DIV  shift 28
	TOK_MOD  shift 29
	TOK_BOREQ  shift 85
	TOK_BANDEQ  shift 86
	TOK_BXOREQ  shift 87
	TOK_LSHIFTEQ  shift 88
	TOK_RSHIFTEQ  shift 89
	TOK_ADDEQ  shift 90
	TOK_MINUSEQ  shift 91
	TOK_MULEQ  shift 92
	TOK_DIVEQ  shift 93
	TOK_MODEQ  shift 94
	TOK_UpperIdent  shift 40
	TOK_LowerIdent  shift 95
	TOK_Integer  shift 42
	TOK_Double  shift 43
	TOK_Char  shift 44
	TOK_String  shift 45
	TOK_TyBool  shift 46
	TOK_TyChar  shift 47
	TOK_TyInt  shift 48
	TOK_TyFloat  shift 49
	TOK_TRUE  shift 50
	TOK_FALSE  shift 51
	TOK_THIS  shift 52
	TOK_MUT  shift 60
	TOK_RPAREN  reduce 293

	bi_op_token  goto 68
	asgn_token  goto 69
	arrow_token  goto 70
	type_token  goto 71
	expr  goto 96
	literal  goto 79
	small_expr  goto 80
	atom_expr  goto 81
	expr_list  goto 427


state 384
	struct_expr_fields : struct_expr_field TOK_COMMA struct_expr_fields .  (286)

	.  reduce 286


state 385
	struct_expr_field : struct_expr_field_name any_token expr .  (289)

	.  reduce 289


386: shift/reduce conflict (shift 428, reduce 153) on TOK_ELSE
state 386
	stmt : TOK_IF TOK_LPAREN expr TOK_RPAREN stmt .  (153)
	stmt : TOK_IF TOK_LPAREN expr TOK_RPAREN stmt . TOK_ELSE stmt  (154)

	TOK_ELSE  shift 428
	error  reduce 153
	TOK_LPAREN  reduce 153
	TOK_LBRACE  reduce 153
	TOK_RBRACE  reduce 153
	TOK_SEMICOLON  reduce 153
	TOK_EQ  reduce 153
	TOK_EQGT  reduce 153
	TOK_MINUSGT  reduce 153
	TOK_UNDERSCORE  reduce 153
	TOK_MINUS  reduce 153
	TOK_BANG  reduce 153
	TOK_LT  reduce 153
	TOK_LTEQ  reduce 153
	TOK_GT  reduce 153
	TOK_GTEQ  reduce 153
	TOK_EQEQ  reduce 153
	TOK_BANGEQ  reduce 153
	TOK_LOR  reduce 153
	TOK_LAND  reduce 153
	TOK_LXOR  reduce 153
	TOK_BOR  reduce 153
	TOK_BAND  reduce 153
	TOK_BXOR  reduce 153
	TOK_LSHIFT  reduce 153
	TOK_RSHIFT  reduce 153
	TOK_ADD  reduce 153
	TOK_MUL  reduce 153
	TOK_DIV  reduce 153
	TOK_MOD  reduce 153
	TOK_BOREQ  reduce 153
	TOK_BANDEQ  reduce 153
	TOK_BXOREQ  reduce 153
	TOK_LSHIFTEQ  reduce 153
	TOK_RSHIFTEQ  reduce 153
	TOK_ADDEQ  reduce 153
	TOK_MINUSEQ  reduce 153
	TOK_MULEQ  reduce 153
	TOK_DIVEQ  reduce 153
	TOK_MODEQ  reduce 153
	TOK_UpperIdent  reduce 153
	TOK_LowerIdent  reduce 153
	TOK_Integer  reduce 153
	TOK_Double  reduce 153
	TOK_Char  reduce 153
	TOK_String  reduce 153
	TOK_TyBool  reduce 153
	TOK_TyChar  reduce 153
	TOK_TyInt  reduce 153
	TOK_TyFloat  reduce 153
	TOK_TRUE  reduce 153
	TOK_FALSE  reduce 153
	TOK_THIS  reduce 153
	TOK_IF  reduce 153
	TOK_WHILE  reduce 153
	TOK_FOR  reduce 153
	TOK_BREAK  reduce 153
	TOK_CONTINUE  reduce 153
	TOK_LET  reduce 153
	TOK_MUT  reduce 153
	TOK_MATCH  reduce 153
	TOK_RETURN  reduce 153


state 387
	stmt : TOK_WHILE TOK_LPAREN expr TOK_RPAREN stmt .  (156)

	.  reduce 156


state 388
	stmt : TOK_FOR TOK_LPAREN pattern TOK_IN TOK_RPAREN . stmt  (179)

	error  shift 98
	TOK_LPAREN  shift 5
	TOK_LBRACE  shift 6
	TOK_EQ  shift 7
	TOK_EQGT  shift 8
	TOK_MINUSGT  shift 9
	TOK_MINUS  shift 10
	TOK_BANG  shift 11
	TOK_LT  shift 12
	TOK_LTEQ  shift 13
	TOK_GT  shift 14
	TOK_GTEQ  shift 15
	TOK_EQEQ  shift 16
	TOK_BANGEQ  shift 17
	TOK_LOR  shift 18
	TOK_LAND  shift 19
	TOK_LXOR  shift 20
	TOK_BOR  shift 21
	TOK_BAND  shift 22
	TOK_BXOR  shift 23
	TOK_LSHIFT  shift 24
	TOK_RSHIFT  shift 25
	TOK_ADD  shift 26
	TOK_MUL  shift 27
	TOK_DIV  shift 28
	TOK_MOD  shift 29
	TOK_BOREQ  shift 30
	TOK_BANDEQ  shift 31
	TOK_BXOREQ  shift 32
	TOK_LSHIFTEQ  shift 33
	TOK_RSHIFTEQ  shift 34
	TOK_ADDEQ  shift 35
	TOK_MINUSEQ  shift 36
	TOK_MULEQ  shift 37
	TOK_DIVEQ  shift 38
	TOK_MODEQ  shift 39
	TOK_UpperIdent  shift 40
	TOK_LowerIdent  shift 41
	TOK_Integer  shift 42
	TOK_Double  shift 43
	TOK_Char  shift 44
	TOK_String  shift 45
	TOK_TyBool  shift 46
	TOK_TyChar  shift 47
	TOK_TyInt  shift 48
	TOK_TyFloat  shift 49
	TOK_TRUE  shift 50
	TOK_FALSE  shift 51
	TOK_THIS  shift 52
	TOK_IF  shift 53
	TOK_ELSE  shift 54
	TOK_WHILE  shift 55
	TOK_FOR  shift 56
	TOK_BREAK  shift 57
	TOK_CONTINUE  shift 58
	TOK_LET  shift 99
	TOK_MUT  shift 60
	TOK_MATCH  shift 61
	TOK_RETURN  shift 63
	.  error

	bi_op_token  goto 68
	asgn_token  goto 69
	arrow_token  goto 70
	type_token  goto 71
	expr  goto 74
	stmt  goto 429
	lvalue  goto 77
	assignment_op  goto 78
	literal  goto 79
	small_expr  goto 80
	atom_expr  goto 81


state 389
	stmt : TOK_FOR TOK_LPAREN pattern TOK_IN expr . TOK_RPAREN stmt  (155)

	TOK_RPAREN  shift 430
	.  error


state 390
	stmt : TOK_FOR TOK_LPAREN pattern expr TOK_RPAREN . stmt  (178)

	error  shift 98
	TOK_LPAREN  shift 5
	TOK_LBRACE  shift 6
	TOK_EQ  shift 7
	TOK_EQGT  shift 8
	TOK_MINUSGT  shift 9
	TOK_MINUS  shift 10
	TOK_BANG  shift 11
	TOK_LT  shift 12
	TOK_LTEQ  shift 13
	TOK_GT  shift 14
	TOK_GTEQ  shift 15
	TOK_EQEQ  shift 16
	TOK_BANGEQ  shift 17
	TOK_LOR  shift 18
	TOK_LAND  shift 19
	TOK_LXOR  shift 20
	TOK_BOR  shift 21
	TOK_BAND  shift 22
	TOK_BXOR  shift 23
	TOK_LSHIFT  shift 24
	TOK_RSHIFT  shift 25
	TOK_ADD  shift 26
	TOK_MUL  shift 27
	TOK_DIV  shift 28
	TOK_MOD  shift 29
	TOK_BOREQ  shift 30
	TOK_BANDEQ  shift 31
	TOK_BXOREQ  shift 32
	TOK_LSHIFTEQ  shift 33
	TOK_RSHIFTEQ  shift 34
	TOK_ADDEQ  shift 35
	TOK_MINUSEQ  shift 36
	TOK_MULEQ  shift 37
	TOK_DIVEQ  shift 38
	TOK_MODEQ  shift 39
	TOK_UpperIdent  shift 40
	TOK_LowerIdent  shift 41
	TOK_Integer  shift 42
	TOK_Double  shift 43
	TOK_Char  shift 44
	TOK_String  shift 45
	TOK_TyBool  shift 46
	TOK_TyChar  shift 47
	TOK_TyInt  shift 48
	TOK_TyFloat  shift 49
	TOK_TRUE  shift 50
	TOK_FALSE  shift 51
	TOK_THIS  shift 52
	TOK_IF  shift 53
	TOK_ELSE  shift 54
	TOK_WHILE  shift 55
	TOK_FOR  shift 56
	TOK_BREAK  shift 57
	TOK_CONTINUE  shift 58
	TOK_LET  shift 99
	TOK_MUT  shift 60
	TOK_MATCH  shift 61
	TOK_RETURN  shift 63
	.  error

	bi_op_token  goto 68
	asgn_token  goto 69
	arrow_token  goto 70
	type_token  goto 71
	expr  goto 74
	stmt  goto 431
	lvalue  goto 77
	assignment_op  goto 78
	literal  goto 79
	small_expr  goto 80
	atom_expr  goto 81


state 391
	pattern_list_nonempty : pattern TOK_COMMA pattern_list_nonempty .  (228)

	.  reduce 228


state 392
	pattern : TOK_UpperIdent TOK_LPAREN pattern_list_nonempty TOK_RPAREN .  (213)

	.  reduce 213


state 393
	struct_pattern_field : TOK_LowerIdent TOK_COLON . pattern  (232)

	error  shift 119
	TOK_LPAREN  shift 120
	TOK_UNDERSCORE  shift 121
	TOK_UpperIdent  shift 122
	TOK_LowerIdent  shift 123
	TOK_Integer  shift 42
	TOK_Double  shift 43
	TOK_Char  shift 44
	TOK_String  shift 45
	TOK_TRUE  shift 50
	TOK_FALSE  shift 51
	TOK_MUT  shift 124
	.  error

	variable_pattern  goto 202
	pattern  goto 432
	literal  goto 127


state 394
	pattern : TOK_UpperIdent TOK_LBRACE struct_pattern_fields TOK_RBRACE .  (214)

	.  reduce 214


state 395
	struct_pattern_fields : struct_pattern_field TOK_COMMA . struct_pattern_fields  (231)
	struct_pattern_fields : .  (229)

	error  shift 335
	TOK_LowerIdent  shift 331
	TOK_RBRACE  reduce 229

	struct_pattern_fields  goto 433
	struct_pattern_field  goto 333


state 396
	pattern : TOK_LowerIdent TOK_LPAREN pattern_list_nonempty TOK_RPAREN .  (219)

	.  reduce 219


state 397
	pattern : TOK_LowerIdent TOK_LBRACE struct_pattern_fields TOK_RBRACE .  (221)

	.  reduce 221


state 398
	typ : TOK_LPAREN TOK_RPAREN .  (131)

	.  reduce 131


state 399
	typ_list_nonempty : typ .  (141)
	typ_list_nonempty : typ . TOK_COMMA typ_list_nonempty  (142)

	TOK_COMMA  shift 434
	TOK_RPAREN  reduce 141


state 400
	typ : TOK_LPAREN typ_list_nonempty . TOK_RPAREN  (139)

	TOK_RPAREN  shift 435
	.  error


state 401
	typ : TOK_LBRACK typ . TOK_SEMICOLON TOK_Integer TOK_RBRACK  (138)

	TOK_SEMICOLON  shift 436
	.  error


402: reduce/reduce conflict (reduce 225, reduce 226) on TOK_LPAREN
402: reduce/reduce conflict (reduce 225, reduce 226) on TOK_RPAREN
402: reduce/reduce conflict (reduce 225, reduce 226) on TOK_RBRACE
402: reduce/reduce conflict (reduce 225, reduce 226) on TOK_COLON
402: reduce/reduce conflict (reduce 225, reduce 226) on TOK_COMMA
402: reduce/reduce conflict (reduce 225, reduce 226) on TOK_SEMICOLON
402: reduce/reduce conflict (reduce 225, reduce 226) on TOK_EQ
402: reduce/reduce conflict (reduce 225, reduce 226) on TOK_EQGT
402: reduce/reduce conflict (reduce 225, reduce 226) on TOK_MINUSGT
402: reduce/reduce conflict (reduce 225, reduce 226) on TOK_MINUS
402: reduce/reduce conflict (reduce 225, reduce 226) on TOK_BANG
402: reduce/reduce conflict (reduce 225, reduce 226) on TOK_LT
402: reduce/reduce conflict (reduce 225, reduce 226) on TOK_LTEQ
402: reduce/reduce conflict (reduce 225, reduce 226) on TOK_GT
402: reduce/reduce conflict (reduce 225, reduce 226) on TOK_GTEQ
402: reduce/reduce conflict (reduce 225, reduce 226) on TOK_EQEQ
402: reduce/reduce conflict (reduce 225, reduce 226) on TOK_BANGEQ
402: reduce/reduce conflict (reduce 225, reduce 226) on TOK_LOR
402: reduce/reduce conflict (reduce 225, reduce 226) on TOK_LAND
402: reduce/reduce conflict (reduce 225, reduce 226) on TOK_LXOR
402: reduce/reduce conflict (reduce 225, reduce 226) on TOK_BOR
402: reduce/reduce conflict (reduce 225, reduce 226) on TOK_BAND
402: reduce/reduce conflict (reduce 225, reduce 226) on TOK_BXOR
402: reduce/reduce conflict (reduce 225, reduce 226) on TOK_LSHIFT
402: reduce/reduce conflict (reduce 225, reduce 226) on TOK_RSHIFT
402: reduce/reduce conflict (reduce 225, reduce 226) on TOK_ADD
402: reduce/reduce conflict (reduce 225, reduce 226) on TOK_MUL
402: reduce/reduce conflict (reduce 225, reduce 226) on TOK_DIV
402: reduce/reduce conflict (reduce 225, reduce 226) on TOK_MOD
402: reduce/reduce conflict (reduce 225, reduce 226) on TOK_BOREQ
402: reduce/reduce conflict (reduce 225, reduce 226) on TOK_BANDEQ
402: reduce/reduce conflict (reduce 225, reduce 226) on TOK_BXOREQ
402: reduce/reduce conflict (reduce 225, reduce 226) on TOK_LSHIFTEQ
402: reduce/reduce conflict (reduce 225, reduce 226) on TOK_RSHIFTEQ
402: reduce/reduce conflict (reduce 225, reduce 226) on TOK_ADDEQ
402: reduce/reduce conflict (reduce 225, reduce 226) on TOK_MINUSEQ
402: reduce/reduce conflict (reduce 225, reduce 226) on TOK_MULEQ
402: reduce/reduce conflict (reduce 225, reduce 226) on TOK_DIVEQ
402: reduce/reduce conflict (reduce 225, reduce 226) on TOK_MODEQ
402: reduce/reduce conflict (reduce 225, reduce 226) on TOK_UpperIdent
402: reduce/reduce conflict (reduce 225, reduce 226) on TOK_LowerIdent
402: reduce/reduce conflict (reduce 225, reduce 226) on TOK_Integer
402: reduce/reduce conflict (reduce 225, reduce 226) on TOK_Double
402: reduce/reduce conflict (reduce 225, reduce 226) on TOK_Char
402: reduce/reduce conflict (reduce 225, reduce 226) on TOK_String
402: reduce/reduce conflict (reduce 225, reduce 226) on TOK_TyBool
402: reduce/reduce conflict (reduce 225, reduce 226) on TOK_TyChar
402: reduce/reduce conflict (reduce 225, reduce 226) on TOK_TyInt
402: reduce/reduce conflict (reduce 225, reduce 226) on TOK_TyFloat
402: reduce/reduce conflict (reduce 225, reduce 226) on TOK_TRUE
402: reduce/reduce conflict (reduce 225, reduce 226) on TOK_FALSE
402: reduce/reduce conflict (reduce 225, reduce 226) on TOK_THIS
402: reduce/reduce conflict (reduce 225, reduce 226) on TOK_AS
402: reduce/reduce conflict (reduce 225, reduce 226) on TOK_MUT
402: reduce/reduce conflict (reduce 225, reduce 226) on TOK_IN
state 402
	variable_pattern : TOK_LowerIdent TOK_COLON typ .  (225)
	variable_pattern : TOK_MUT TOK_LowerIdent TOK_COLON typ .  (226)

	.  reduce 225


state 403
	top_clause : TOK_LET variable_pattern TOK_EQ expr error .  (95)

	.  reduce 95


state 404
	top_clause : TOK_LET variable_pattern TOK_EQ expr TOK_SEMICOLON .  (93)

	.  reduce 93


state 405
	stmt : TOK_LET pattern TOK_EQ expr error .  (162)

	.  reduce 162


state 406
	stmt : TOK_LET pattern TOK_EQ expr TOK_SEMICOLON .  (150)

	.  reduce 150


407: shift/reduce conflict (shift 437, reduce 224) on TOK_COLON
state 407
	variable_pattern : TOK_MUT TOK_LowerIdent .  (224)
	variable_pattern : TOK_MUT TOK_LowerIdent . TOK_COLON typ  (226)

	TOK_COLON  shift 437
	TOK_LPAREN  reduce 224
	TOK_RPAREN  reduce 224
	TOK_RBRACE  reduce 224
	TOK_COMMA  reduce 224
	TOK_SEMICOLON  reduce 224
	TOK_EQ  reduce 224
	TOK_EQGT  reduce 224
	TOK_MINUSGT  reduce 224
	TOK_MINUS  reduce 224
	TOK_BANG  reduce 224
	TOK_LT  reduce 224
	TOK_LTEQ  reduce 224
	TOK_GT  reduce 224
	TOK_GTEQ  reduce 224
	TOK_EQEQ  reduce 224
	TOK_BANGEQ  reduce 224
	TOK_LOR  reduce 224
	TOK_LAND  reduce 224
	TOK_LXOR  reduce 224
	TOK_BOR  reduce 224
	TOK_BAND  reduce 224
	TOK_BXOR  reduce 224
	TOK_LSHIFT  reduce 224
	TOK_RSHIFT  reduce 224
	TOK_ADD  reduce 224
	TOK_MUL  reduce 224
	TOK_DIV  reduce 224
	TOK_MOD  reduce 224
	TOK_BOREQ  reduce 224
	TOK_BANDEQ  reduce 224
	TOK_BXOREQ  reduce 224
	TOK_LSHIFTEQ  reduce 224
	TOK_RSHIFTEQ  reduce 224
	TOK_ADDEQ  reduce 224
	TOK_MINUSEQ  reduce 224
	TOK_MULEQ  reduce 224
	TOK_DIVEQ  reduce 224
	TOK_MODEQ  reduce 224
	TOK_UpperIdent  reduce 224
	TOK_LowerIdent  reduce 224
	TOK_Integer  reduce 224
	TOK_Double  reduce 224
	TOK_Char  reduce 224
	TOK_String  reduce 224
	TOK_TyBool  reduce 224
	TOK_TyChar  reduce 224
	TOK_TyInt  reduce 224
	TOK_TyFloat  reduce 224
	TOK_TRUE  reduce 224
	TOK_FALSE  reduce 224
	TOK_THIS  reduce 224
	TOK_AS  reduce 224
	TOK_MUT  reduce 224
	TOK_IN  reduce 224


state 408
	stmt : TOK_MATCH TOK_LPAREN expr TOK_RPAREN TOK_LBRACE . match_branches TOK_RBRACE  (157)
	match_branches : .  (195)

	error  shift 438
	TOK_LPAREN  shift 120
	TOK_UNDERSCORE  shift 121
	TOK_UpperIdent  shift 122
	TOK_LowerIdent  shift 123
	TOK_Integer  shift 42
	TOK_Double  shift 43
	TOK_Char  shift 44
	TOK_String  shift 45
	TOK_TRUE  shift 50
	TOK_FALSE  shift 51
	TOK_MUT  shift 124
	TOK_RBRACE  reduce 195

	variable_pattern  goto 202
	pattern  goto 439
	match_branches  goto 440
	match_branch  goto 441
	literal  goto 127


state 409
	function_decl_arg : TOK_LowerIdent TOK_COLON . typ  (123)

	error  shift 337
	TOK_LPAREN  shift 338
	TOK_LBRACK  shift 339
	TOK_UpperIdent  shift 340
	TOK_TyBool  shift 341
	TOK_TyChar  shift 342
	TOK_TyThis  shift 343
	TOK_TyInt  shift 344
	TOK_TyFloat  shift 345
	.  error

	typ  goto 442


state 410
	function_decl : TOK_FUN TOK_LowerIdent TOK_LPAREN function_decl_args TOK_RPAREN . function_decl_ret  (118)
	function_decl_ret : .  (126)

	TOK_MINUSGT  shift 443
	TOK_LBRACE  reduce 126
	TOK_RBRACE  reduce 126
	TOK_SEMICOLON  reduce 126

	function_decl_ret  goto 444


state 411
	function_decl_args_nonempty : function_decl_arg TOK_COMMA . function_decl_args_nonempty  (122)

	error  shift 359
	TOK_LowerIdent  shift 360
	.  error

	function_decl_args_nonempty  goto 445
	function_decl_arg  goto 363


state 412
	top_clause : TOK_INTERFACE TOK_UpperIdent TOK_LBRACE function_decls TOK_RBRACE .  (87)

	.  reduce 87


state 413
	function_decls : function_decl TOK_SEMICOLON . function_decls  (117)
	function_decls : .  (115)

	TOK_FUN  shift 62
	TOK_RBRACE  reduce 115

	function_decls  goto 446
	function_decl  goto 365


state 414
	interface_name_list_nonempty : TOK_UpperIdent TOK_COMMA . interface_name_list_nonempty  (114)

	TOK_UpperIdent  shift 366
	.  error

	interface_name_list_nonempty  goto 447


state 415
	top_clause : TOK_INTERFACE TOK_UpperIdent TOK_EXTENDS interface_name_list_nonempty TOK_LBRACE . function_decls TOK_RBRACE  (88)
	function_decls : .  (115)

	TOK_FUN  shift 62
	TOK_RBRACE  reduce 115

	function_decls  goto 448
	function_decl  goto 365


state 416
	top_clause : TOK_IMPL TOK_UpperIdent TOK_LBRACE function_impls TOK_RBRACE .  (89)

	.  reduce 89


state 417
	function_impls : function_impl TOK_SEMICOLON . function_impls  (129)
	function_impls : .  (127)

	TOK_FUN  shift 62
	TOK_RBRACE  reduce 127

	function_impls  goto 449
	function_impl  goto 369
	function_decl  goto 76


state 418
	top_clause : TOK_IMPL TOK_UpperIdent TOK_FOR TOK_UpperIdent TOK_LBRACE . function_impls TOK_RBRACE  (90)
	function_impls : .  (127)

	TOK_FUN  shift 62
	TOK_RBRACE  reduce 127

	function_impls  goto 450
	function_impl  goto 369
	function_decl  goto 76


state 419
	adt_branch : TOK_UpperIdent TOK_LPAREN . typ_list_nonempty TOK_RPAREN  (107)
	adt_branch : TOK_UpperIdent TOK_LPAREN . named_adt_params_nonempty TOK_RPAREN  (108)

	error  shift 337
	TOK_LPAREN  shift 338
	TOK_LBRACK  shift 339
	TOK_UpperIdent  shift 340
	TOK_LowerIdent  shift 451
	TOK_TyBool  shift 341
	TOK_TyChar  shift 342
	TOK_TyThis  shift 343
	TOK_TyInt  shift 344
	TOK_TyFloat  shift 345
	.  error

	typ  goto 399
	typ_list_nonempty  goto 452
	named_adt_params_nonempty  goto 453
	named_adt_param  goto 454


state 420
	top_clause : TOK_TYPE TOK_UpperIdent TOK_LBRACK adt_branches TOK_RBRACK .  (86)

	.  reduce 86


state 421
	adt_branches : adt_branch TOK_COMMA . adt_branches  (105)
	adt_branches : .  (103)

	error  shift 371
	TOK_UpperIdent  shift 372
	TOK_RBRACK  reduce 103

	adt_branches  goto 455
	adt_branch  goto 374


state 422
	struct_field : TOK_LowerIdent TOK_COLON . typ  (101)

	error  shift 337
	TOK_LPAREN  shift 338
	TOK_LBRACK  shift 339
	TOK_UpperIdent  shift 340
	TOK_TyBool  shift 341
	TOK_TyChar  shift 342
	TOK_TyThis  shift 343
	TOK_TyInt  shift 344
	TOK_TyFloat  shift 345
	.  error

	typ  goto 456


state 423
	struct_field : TOK_AS TOK_LowerIdent . TOK_COLON typ  (102)

	TOK_COLON  shift 457
	.  error


state 424
	top_clause : TOK_TYPE TOK_UpperIdent TOK_LBRACE struct_fields TOK_RBRACE .  (85)

	.  reduce 85


state 425
	struct_fields : struct_field TOK_COMMA . struct_fields  (100)
	struct_fields : .  (98)

	TOK_LowerIdent  shift 375
	TOK_AS  shift 376
	TOK_RBRACE  reduce 98

	struct_fields  goto 458
	struct_field  goto 378


state 426
	atom_expr : atom_expr TOK_DOT TOK_LowerIdent TOK_LPAREN error .  (285)

	.  reduce 285


state 427
	atom_expr : atom_expr TOK_DOT TOK_LowerIdent TOK_LPAREN expr_list . TOK_RPAREN  (281)

	TOK_RPAREN  shift 459
	.  error


state 428
	stmt : TOK_IF TOK_LPAREN expr TOK_RPAREN stmt TOK_ELSE . stmt  (154)

	error  shift 98
	TOK_LPAREN  shift 5
	TOK_LBRACE  shift 6
	TOK_EQ  shift 7
	TOK_EQGT  shift 8
	TOK_MINUSGT  shift 9
	TOK_MINUS  shift 10
	TOK_BANG  shift 11
	TOK_LT  shift 12
	TOK_LTEQ  shift 13
	TOK_GT  shift 14
	TOK_GTEQ  shift 15
	TOK_EQEQ  shift 16
	TOK_BANGEQ  shift 17
	TOK_LOR  shift 18
	TOK_LAND  shift 19
	TOK_LXOR  shift 20
	TOK_BOR  shift 21
	TOK_BAND  shift 22
	TOK_BXOR  shift 23
	TOK_LSHIFT  shift 24
	TOK_RSHIFT  shift 25
	TOK_ADD  shift 26
	TOK_MUL  shift 27
	TOK_DIV  shift 28
	TOK_MOD  shift 29
	TOK_BOREQ  shift 30
	TOK_BANDEQ  shift 31
	TOK_BXOREQ  shift 32
	TOK_LSHIFTEQ  shift 33
	TOK_RSHIFTEQ  shift 34
	TOK_ADDEQ  shift 35
	TOK_MINUSEQ  shift 36
	TOK_MULEQ  shift 37
	TOK_DIVEQ  shift 38
	TOK_MODEQ  shift 39
	TOK_UpperIdent  shift 40
	TOK_LowerIdent  shift 41
	TOK_Integer  shift 42
	TOK_Double  shift 43
	TOK_Char  shift 44
	TOK_String  shift 45
	TOK_TyBool  shift 46
	TOK_TyChar  shift 47
	TOK_TyInt  shift 48
	TOK_TyFloat  shift 49
	TOK_TRUE  shift 50
	TOK_FALSE  shift 51
	TOK_THIS  shift 52
	TOK_IF  shift 53
	TOK_ELSE  shift 54
	TOK_WHILE  shift 55
	TOK_FOR  shift 56
	TOK_BREAK  shift 57
	TOK_CONTINUE  shift 58
	TOK_LET  shift 99
	TOK_MUT  shift 60
	TOK_MATCH  shift 61
	TOK_RETURN  shift 63
	.  error

	bi_op_token  goto 68
	asgn_token  goto 69
	arrow_token  goto 70
	type_token  goto 71
	expr  goto 74
	stmt  goto 460
	lvalue  goto 77
	assignment_op  goto 78
	literal  goto 79
	small_expr  goto 80
	atom_expr  goto 81


state 429
	stmt : TOK_FOR TOK_LPAREN pattern TOK_IN TOK_RPAREN stmt .  (179)

	.  reduce 179


state 430
	stmt : TOK_FOR TOK_LPAREN pattern TOK_IN expr TOK_RPAREN . stmt  (155)

	error  shift 98
	TOK_LPAREN  shift 5
	TOK_LBRACE  shift 6
	TOK_EQ  shift 7
	TOK_EQGT  shift 8
	TOK_MINUSGT  shift 9
	TOK_MINUS  shift 10
	TOK_BANG  shift 11
	TOK_LT  shift 12
	TOK_LTEQ  shift 13
	TOK_GT  shift 14
	TOK_GTEQ  shift 15
	TOK_EQEQ  shift 16
	TOK_BANGEQ  shift 17
	TOK_LOR  shift 18
	TOK_LAND  shift 19
	TOK_LXOR  shift 20
	TOK_BOR  shift 21
	TOK_BAND  shift 22
	TOK_BXOR  shift 23
	TOK_LSHIFT  shift 24
	TOK_RSHIFT  shift 25
	TOK_ADD  shift 26
	TOK_MUL  shift 27
	TOK_DIV  shift 28
	TOK_MOD  shift 29
	TOK_BOREQ  shift 30
	TOK_BANDEQ  shift 31
	TOK_BXOREQ  shift 32
	TOK_LSHIFTEQ  shift 33
	TOK_RSHIFTEQ  shift 34
	TOK_ADDEQ  shift 35
	TOK_MINUSEQ  shift 36
	TOK_MULEQ  shift 37
	TOK_DIVEQ  shift 38
	TOK_MODEQ  shift 39
	TOK_UpperIdent  shift 40
	TOK_LowerIdent  shift 41
	TOK_Integer  shift 42
	TOK_Double  shift 43
	TOK_Char  shift 44
	TOK_String  shift 45
	TOK_TyBool  shift 46
	TOK_TyChar  shift 47
	TOK_TyInt  shift 48
	TOK_TyFloat  shift 49
	TOK_TRUE  shift 50
	TOK_FALSE  shift 51
	TOK_THIS  shift 52
	TOK_IF  shift 53
	TOK_ELSE  shift 54
	TOK_WHILE  shift 55
	TOK_FOR  shift 56
	TOK_BREAK  shift 57
	TOK_CONTINUE  shift 58
	TOK_LET  shift 99
	TOK_MUT  shift 60
	TOK_MATCH  shift 61
	TOK_RETURN  shift 63
	.  error

	bi_op_token  goto 68
	asgn_token  goto 69
	arrow_token  goto 70
	type_token  goto 71
	expr  goto 74
	stmt  goto 461
	lvalue  goto 77
	assignment_op  goto 78
	literal  goto 79
	small_expr  goto 80
	atom_expr  goto 81


state 431
	stmt : TOK_FOR TOK_LPAREN pattern expr TOK_RPAREN stmt .  (178)

	.  reduce 178


state 432
	pattern : pattern . TOK_AS variable_pattern  (210)
	pattern : pattern . TOK_COLON typ  (211)
	pattern : pattern . TOK_AS error  (216)
	struct_pattern_field : TOK_LowerIdent TOK_COLON pattern .  (232)

	TOK_COLON  shift 257
	TOK_AS  shift 260
	TOK_RBRACE  reduce 232
	TOK_COMMA  reduce 232


state 433
	struct_pattern_fields : struct_pattern_field TOK_COMMA struct_pattern_fields .  (231)

	.  reduce 231


state 434
	typ_list_nonempty : typ TOK_COMMA . typ_list_nonempty  (142)

	error  shift 337
	TOK_LPAREN  shift 338
	TOK_LBRACK  shift 339
	TOK_UpperIdent  shift 340
	TOK_TyBool  shift 341
	TOK_TyChar  shift 342
	TOK_TyThis  shift 343
	TOK_TyInt  shift 344
	TOK_TyFloat  shift 345
	.  error

	typ  goto 399
	typ_list_nonempty  goto 462


state 435
	typ : TOK_LPAREN typ_list_nonempty TOK_RPAREN .  (139)

	.  reduce 139


state 436
	typ : TOK_LBRACK typ TOK_SEMICOLON . TOK_Integer TOK_RBRACK  (138)

	TOK_Integer  shift 463
	.  error


state 437
	variable_pattern : TOK_MUT TOK_LowerIdent TOK_COLON . typ  (226)

	error  shift 337
	TOK_LPAREN  shift 338
	TOK_LBRACK  shift 339
	TOK_UpperIdent  shift 340
	TOK_TyBool  shift 341
	TOK_TyChar  shift 342
	TOK_TyThis  shift 343
	TOK_TyInt  shift 344
	TOK_TyFloat  shift 345
	.  error

	typ  goto 464


state 438
	match_branch : error .  (198)
	pattern : error .  (222)

	error  reduce 198
	TOK_LPAREN  reduce 198
	TOK_RBRACE  reduce 198
	TOK_COLON  reduce 222
	TOK_EQGT  reduce 222
	TOK_UNDERSCORE  reduce 198
	TOK_UpperIdent  reduce 198
	TOK_LowerIdent  reduce 198
	TOK_Integer  reduce 198
	TOK_Double  reduce 198
	TOK_Char  reduce 198
	TOK_String  reduce 198
	TOK_TRUE  reduce 198
	TOK_FALSE  reduce 198
	TOK_AS  reduce 222
	TOK_MUT  reduce 198


state 439
	match_branch : pattern . TOK_EQGT stmt  (197)
	pattern : pattern . TOK_AS variable_pattern  (210)
	pattern : pattern . TOK_COLON typ  (211)
	pattern : pattern . TOK_AS error  (216)

	TOK_COLON  shift 257
	TOK_EQGT  shift 465
	TOK_AS  shift 260
	.  error


state 440
	stmt : TOK_MATCH TOK_LPAREN expr TOK_RPAREN TOK_LBRACE match_branches . TOK_RBRACE  (157)

	TOK_RBRACE  shift 466
	.  error


state 441
	match_branches : match_branch . match_branches  (196)
	match_branches : .  (195)

	error  shift 438
	TOK_LPAREN  shift 120
	TOK_UNDERSCORE  shift 121
	TOK_UpperIdent  shift 122
	TOK_LowerIdent  shift 123
	TOK_Integer  shift 42
	TOK_Double  shift 43
	TOK_Char  shift 44
	TOK_String  shift 45
	TOK_TRUE  shift 50
	TOK_FALSE  shift 51
	TOK_MUT  shift 124
	TOK_RBRACE  reduce 195

	variable_pattern  goto 202
	pattern  goto 439
	match_branches  goto 467
	match_branch  goto 441
	literal  goto 127


state 442
	function_decl_arg : TOK_LowerIdent TOK_COLON typ .  (123)

	.  reduce 123


state 443
	function_decl_ret : TOK_MINUSGT . typ  (125)

	error  shift 337
	TOK_LPAREN  shift 338
	TOK_LBRACK  shift 339
	TOK_UpperIdent  shift 340
	TOK_TyBool  shift 341
	TOK_TyChar  shift 342
	TOK_TyThis  shift 343
	TOK_TyInt  shift 344
	TOK_TyFloat  shift 345
	.  error

	typ  goto 468


state 444
	function_decl : TOK_FUN TOK_LowerIdent TOK_LPAREN function_decl_args TOK_RPAREN function_decl_ret .  (118)

	.  reduce 118


state 445
	function_decl_args_nonempty : function_decl_arg TOK_COMMA function_decl_args_nonempty .  (122)

	.  reduce 122


state 446
	function_decls : function_decl TOK_SEMICOLON function_decls .  (117)

	.  reduce 117


state 447
	interface_name_list_nonempty : TOK_UpperIdent TOK_COMMA interface_name_list_nonempty .  (114)

	.  reduce 114


state 448
	top_clause : TOK_INTERFACE TOK_UpperIdent TOK_EXTENDS interface_name_list_nonempty TOK_LBRACE function_decls . TOK_RBRACE  (88)

	TOK_RBRACE  shift 469
	.  error


state 449
	function_impls : function_impl TOK_SEMICOLON function_impls .  (129)

	.  reduce 129


state 450
	top_clause : TOK_IMPL TOK_UpperIdent TOK_FOR TOK_UpperIdent TOK_LBRACE function_impls . TOK_RBRACE  (90)

	TOK_RBRACE  shift 470
	.  error


state 451
	named_adt_param : TOK_LowerIdent . TOK_COLON typ  (112)

	TOK_COLON  shift 471
	.  error


state 452
	adt_branch : TOK_UpperIdent TOK_LPAREN typ_list_nonempty . TOK_RPAREN  (107)

	TOK_RPAREN  shift 472
	.  error


state 453
	adt_branch : TOK_UpperIdent TOK_LPAREN named_adt_params_nonempty . TOK_RPAREN  (108)

	TOK_RPAREN  shift 473
	.  error


state 454
	named_adt_params_nonempty : named_adt_param .  (110)
	named_adt_params_nonempty : named_adt_param . TOK_COMMA named_adt_params_nonempty  (111)

	TOK_COMMA  shift 474
	TOK_RPAREN  reduce 110


state 455
	adt_branches : adt_branch TOK_COMMA adt_branches .  (105)

	.  reduce 105


state 456
	struct_field : TOK_LowerIdent TOK_COLON typ .  (101)

	.  reduce 101


state 457
	struct_field : TOK_AS TOK_LowerIdent TOK_COLON . typ  (102)

	error  shift 337
	TOK_LPAREN  shift 338
	TOK_LBRACK  shift 339
	TOK_UpperIdent  shift 340
	TOK_TyBool  shift 341
	TOK_TyChar  shift 342
	TOK_TyThis  shift 343
	TOK_TyInt  shift 344
	TOK_TyFloat  shift 345
	.  error

	typ  goto 475


state 458
	struct_fields : struct_field TOK_COMMA struct_fields .  (100)

	.  reduce 100


state 459
	atom_expr : atom_expr TOK_DOT TOK_LowerIdent TOK_LPAREN expr_list TOK_RPAREN .  (281)

	.  reduce 281


state 460
	stmt : TOK_IF TOK_LPAREN expr TOK_RPAREN stmt TOK_ELSE stmt .  (154)

	.  reduce 154


state 461
	stmt : TOK_FOR TOK_LPAREN pattern TOK_IN expr TOK_RPAREN stmt .  (155)

	.  reduce 155


state 462
	typ_list_nonempty : typ TOK_COMMA typ_list_nonempty .  (142)

	.  reduce 142


state 463
	typ : TOK_LBRACK typ TOK_SEMICOLON TOK_Integer . TOK_RBRACK  (138)

	TOK_RBRACK  shift 476
	.  error


state 464
	variable_pattern : TOK_MUT TOK_LowerIdent TOK_COLON typ .  (226)

	.  reduce 226


state 465
	match_branch : pattern TOK_EQGT . stmt  (197)

	error  shift 98
	TOK_LPAREN  shift 5
	TOK_LBRACE  shift 6
	TOK_EQ  shift 7
	TOK_EQGT  shift 8
	TOK_MINUSGT  shift 9
	TOK_MINUS  shift 10
	TOK_BANG  shift 11
	TOK_LT  shift 12
	TOK_LTEQ  shift 13
	TOK_GT  shift 14
	TOK_GTEQ  shift 15
	TOK_EQEQ  shift 16
	TOK_BANGEQ  shift 17
	TOK_LOR  shift 18
	TOK_LAND  shift 19
	TOK_LXOR  shift 20
	TOK_BOR  shift 21
	TOK_BAND  shift 22
	TOK_BXOR  shift 23
	TOK_LSHIFT  shift 24
	TOK_RSHIFT  shift 25
	TOK_ADD  shift 26
	TOK_MUL  shift 27
	TOK_DIV  shift 28
	TOK_MOD  shift 29
	TOK_BOREQ  shift 30
	TOK_BANDEQ  shift 31
	TOK_BXOREQ  shift 32
	TOK_LSHIFTEQ  shift 33
	TOK_RSHIFTEQ  shift 34
	TOK_ADDEQ  shift 35
	TOK_MINUSEQ  shift 36
	TOK_MULEQ  shift 37
	TOK_DIVEQ  shift 38
	TOK_MODEQ  shift 39
	TOK_UpperIdent  shift 40
	TOK_LowerIdent  shift 41
	TOK_Integer  shift 42
	TOK_Double  shift 43
	TOK_Char  shift 44
	TOK_String  shift 45
	TOK_TyBool  shift 46
	TOK_TyChar  shift 47
	TOK_TyInt  shift 48
	TOK_TyFloat  shift 49
	TOK_TRUE  shift 50
	TOK_FALSE  shift 51
	TOK_THIS  shift 52
	TOK_IF  shift 53
	TOK_ELSE  shift 54
	TOK_WHILE  shift 55
	TOK_FOR  shift 56
	TOK_BREAK  shift 57
	TOK_CONTINUE  shift 58
	TOK_LET  shift 99
	TOK_MUT  shift 60
	TOK_MATCH  shift 61
	TOK_RETURN  shift 63
	.  error

	bi_op_token  goto 68
	asgn_token  goto 69
	arrow_token  goto 70
	type_token  goto 71
	expr  goto 74
	stmt  goto 477
	lvalue  goto 77
	assignment_op  goto 78
	literal  goto 79
	small_expr  goto 80
	atom_expr  goto 81


state 466
	stmt : TOK_MATCH TOK_LPAREN expr TOK_RPAREN TOK_LBRACE match_branches TOK_RBRACE .  (157)

	.  reduce 157


state 467
	match_branches : match_branch match_branches .  (196)

	.  reduce 196


state 468
	function_decl_ret : TOK_MINUSGT typ .  (125)

	.  reduce 125


state 469
	top_clause : TOK_INTERFACE TOK_UpperIdent TOK_EXTENDS interface_name_list_nonempty TOK_LBRACE function_decls TOK_RBRACE .  (88)

	.  reduce 88


state 470
	top_clause : TOK_IMPL TOK_UpperIdent TOK_FOR TOK_UpperIdent TOK_LBRACE function_impls TOK_RBRACE .  (90)

	.  reduce 90


state 471
	named_adt_param : TOK_LowerIdent TOK_COLON . typ  (112)

	error  shift 337
	TOK_LPAREN  shift 338
	TOK_LBRACK  shift 339
	TOK_UpperIdent  shift 340
	TOK_TyBool  shift 341
	TOK_TyChar  shift 342
	TOK_TyThis  shift 343
	TOK_TyInt  shift 344
	TOK_TyFloat  shift 345
	.  error

	typ  goto 478


state 472
	adt_branch : TOK_UpperIdent TOK_LPAREN typ_list_nonempty TOK_RPAREN .  (107)

	.  reduce 107


state 473
	adt_branch : TOK_UpperIdent TOK_LPAREN named_adt_params_nonempty TOK_RPAREN .  (108)

	.  reduce 108


state 474
	named_adt_params_nonempty : named_adt_param TOK_COMMA . named_adt_params_nonempty  (111)

	TOK_LowerIdent  shift 451
	.  error

	named_adt_params_nonempty  goto 479
	named_adt_param  goto 454


state 475
	struct_field : TOK_AS TOK_LowerIdent TOK_COLON typ .  (102)

	.  reduce 102


state 476
	typ : TOK_LBRACK typ TOK_SEMICOLON TOK_Integer TOK_RBRACK .  (138)

	.  reduce 138


state 477
	match_branch : pattern TOK_EQGT stmt .  (197)

	.  reduce 197


state 478
	named_adt_param : TOK_LowerIdent TOK_COLON typ .  (112)

	.  reduce 112


state 479
	named_adt_params_nonempty : named_adt_param TOK_COMMA named_adt_params_nonempty .  (111)

	.  reduce 111


State 5 contains 1 shift/reduce conflict.
State 7 contains 40 reduce/reduce conflicts.
State 30 contains 40 reduce/reduce conflicts.
State 31 contains 40 reduce/reduce conflicts.
State 32 contains 40 reduce/reduce conflicts.
State 33 contains 40 reduce/reduce conflicts.
State 34 contains 40 reduce/reduce conflicts.
State 35 contains 40 reduce/reduce conflicts.
State 36 contains 40 reduce/reduce conflicts.
State 37 contains 40 reduce/reduce conflicts.
State 38 contains 40 reduce/reduce conflicts.
State 39 contains 40 reduce/reduce conflicts.
State 41 contains 11 reduce/reduce conflicts.
State 80 contains 1 shift/reduce conflict.
State 108 contains 1 shift/reduce conflict.
State 112 contains 1 shift/reduce conflict.
State 122 contains 1 shift/reduce conflict.
State 123 contains 2 shift/reduce conflicts.
State 125 contains 2 shift/reduce conflicts.
State 129 contains 1 shift/reduce conflict.
State 203 contains 60 reduce/reduce conflicts.
State 236 contains 39 reduce/reduce conflicts.
State 237 contains 39 shift/reduce conflicts.
State 238 contains 1 shift/reduce conflict.
State 241 contains 39 reduce/reduce conflicts.
State 242 contains 39 shift/reduce conflicts.
State 243 contains 1 shift/reduce conflict.
State 248 contains 11 shift/reduce conflicts.
State 253 contains 4 shift/reduce conflicts, 53 reduce/reduce conflicts.
State 254 contains 2 shift/reduce conflicts.
State 259 contains 30 shift/reduce conflicts.
State 262 contains 39 reduce/reduce conflicts.
State 263 contains 39 shift/reduce conflicts.
State 264 contains 1 shift/reduce conflict.
State 330 contains 2 reduce/reduce conflicts.
State 353 contains 1 shift/reduce conflict.
State 386 contains 1 shift/reduce conflict.
State 402 contains 55 reduce/reduce conflicts.
State 407 contains 1 shift/reduce conflict.


79 terminals, 49 nonterminals
297 grammar rules, 480 states
